current_time,temp,humidity,main
2026-03-05 05:37:59,10.5,22,Clouds
2026-03-05 06:06:24,11.76,40,Haze
2026-03-05 07:06:20,10.48,36,Clouds
2026-03-05 07:50:28,10.76,46,Haze
2026-03-05 08:23:45,8.87,57,Clouds
2026-03-05 09:03:37,7.36,73,Clouds
2026-03-05 09:56:44,6.76,76,Rain
2026-03-05 10:31:53,5.74,86,Rain
2026-03-05 11:07:56,3.76,93,Rain
2026-03-05 11:46:16,3.76,93,Rain
2026-03-05 12:02:55,3.74,92,Rain
2026-03-05 13:19:59,4.78,87,Rain
2026-03-05 14:09:01,1.89,99,Rain
2026-03-05 15:01:17,0.76,100,Snow
2026-03-05 15:55:07,0.76,100,Snow
2026-03-05 17:51:40,2.22,86,Clouds
2026-03-05 19:02:58,0.76,100,Mist
2026-03-05 19:56:54,-0.24,100,Mist
2026-03-05 20:30:44,-0.24,100,Mist
2026-03-05 21:02:31,-0.24,100,Mist
2026-03-05 21:44:39,0.76,100,Mist
2026-03-05 22:02:29,2.19,79,Clouds
2026-03-05 23:10:57,2,78,Clouds
2026-03-05 23:57:29,2.53,71,Clouds
2026-03-06 01:43:37,2.76,87,Clouds
2026-03-06 03:55:24,3.76,75,Clouds
2026-03-06 05:04:19,3.76,75,Haze
2026-03-06 05:54:49,3.5,56,Clouds
2026-03-06 06:31:57,2.76,75,Haze
2026-03-06 07:24:14,2.76,70,Clouds
2026-03-06 07:54:51,4.12,44,Clouds
2026-03-06 08:22:36,2.76,70,Clouds
2026-03-06 08:58:14,2.76,70,Haze
2026-03-06 09:34:38,2.76,65,Haze
2026-03-06 10:04:09,2.15,46,Clouds
2026-03-06 10:49:28,1.23,45,Clouds
2026-03-06 11:16:57,1.76,64,Clouds
2026-03-06 11:45:07,0.88,43,Clouds
2026-03-06 11:59:32,1.76,64,Clouds
2026-03-06 12:56:46,0.29,41,Clear
2026-03-06 13:49:12,0.16,40,Clear
2026-03-06 14:25:37,-0.24,64,Clouds
2026-03-06 15:01:40,-0.24,64,Clouds
2026-03-06 15:43:52,-1.24,69,Clear
2026-03-06 16:06:17,-1.24,69,Clear
2026-03-06 16:56:13,-0.93,35,Clear
2026-03-06 17:27:56,-0.93,35,Clear
2026-03-06 17:58:46,-1.32,34,Clear
2026-03-06 18:41:52,-3.24,80,Clear
2026-03-06 19:22:26,-3.24,80,Clear
2026-03-06 19:50:56,-1.4,34,Clear
2026-03-06 20:16:16,-1.4,34,Clear
2026-03-06 20:48:55,-1.48,34,Clear
2026-03-06 21:14:42,-3.24,68,Clear
2026-03-06 21:44:11,-1.45,33,Clear
2026-03-06 21:58:12,-3.24,68,Clear
2026-03-06 22:24:48,-3.24,68,Clear
2026-03-06 22:51:27,-3.24,68,Clear
2026-03-06 23:14:49,-1.36,32,Clear
2026-03-06 23:41:59,-1.24,59,Clear
2026-03-06 23:56:47,-1.24,59,Clear
2026-03-07 01:16:53,-0.14,27,Clear
2026-03-07 03:25:34,2.76,38,Clear
2026-03-07 04:44:00,3.76,41,Clear
2026-03-07 05:25:28,4.76,36,Clear
2026-03-07 05:56:27,4.76,36,Clear
2026-03-07 06:28:58,4.92,16,Clear
2026-03-07 07:04:04,4.82,17,Clear
2026-03-07 07:36:58,4.76,33,Clear
2026-03-07 07:52:39,4.76,33,Clear
2026-03-07 08:00:18,4.76,33,Clear
2026-03-07 08:34:48,4.76,30,Clear
2026-03-07 08:57:32,3.68,19,Clear
2026-03-07 09:23:50,2.76,35,Clear
2026-03-07 09:47:15,2.76,35,Clear
2026-03-07 09:58:13,3.2,21,Clear
2026-03-07 10:19:51,1.76,41,Clear
2026-03-07 10:43:53,2.61,23,Clear
2026-03-07 10:56:05,1.76,41,Clear
2026-03-07 11:12:38,-0.24,51,Clear
2026-03-07 11:32:24,-0.24,51,Clear
2026-03-07 11:45:51,-0.24,51,Clear
2026-03-07 11:54:18,-0.24,51,Clear
2026-03-07 12:00:22,1.86,26,Clear
2026-03-07 12:52:44,-0.24,55,Clear
2026-03-07 13:30:27,-2.24,64,Clear
2026-03-07 13:55:25,-2.24,64,Clear
2026-03-07 14:14:08,-2.24,64,Clear
2026-03-07 14:41:56,-0.05,32,Clear
2026-03-07 14:56:07,-2.24,64,Clear
2026-03-07 15:14:26,-0.05,32,Clear
2026-03-07 15:36:21,-2.24,64,Clear
2026-03-07 15:50:02,-2.24,64,Clear
2026-03-07 15:59:26,-2.24,64,Clear
2026-03-07 16:27:58,-3.24,74,Clear
2026-03-07 16:49:47,-0.5,34,Clear
2026-03-07 17:01:08,-0.5,34,Clear
2026-03-07 17:25:59,-4.24,74,Clear
2026-03-07 17:43:27,-0.59,35,Clear
2026-03-07 17:54:51,-0.59,35,Clear
2026-03-07 18:15:47,-4.24,80,Clear
2026-03-07 18:50:40,-4.24,80,Clear
2026-03-07 19:10:07,-4.24,80,Clear
2026-03-07 19:31:30,-0.59,35,Clear
2026-03-07 19:44:35,-4.24,80,Clear
2026-03-07 19:53:34,-0.61,35,Clear
2026-03-07 19:59:56,-4.24,80,Clear
2026-03-07 20:27:41,-0.61,35,Clear
2026-03-07 20:46:43,-5.24,80,Clear
2026-03-07 20:58:15,-0.65,35,Clear
2026-03-07 21:18:06,-0.65,35,Clear
2026-03-07 21:36:36,-0.65,35,Clear
2026-03-07 21:48:56,-0.64,34,Clear
2026-03-07 21:56:29,-5.24,86,Clear
2026-03-07 22:14:47,-0.64,34,Clear
2026-03-07 22:40:55,-0.26,32,Clear
2026-03-07 22:55:08,-0.26,32,Clear
2026-03-07 23:12:05,-2.24,80,Clear
2026-03-07 23:34:42,-2.24,80,Clear
2026-03-07 23:48:42,-2.24,80,Clear
2026-03-07 23:57:55,0.59,29,Clear
2026-03-08 01:47:52,1.76,55,Clear
2026-03-08 03:57:23,4.76,26,Clear
2026-03-08 05:07:06,5.76,31,Clear
2026-03-08 05:54:28,5.51,22,Clouds
2026-03-08 06:26:37,5.51,22,Clouds
2026-03-08 07:05:29,5.27,22,Clouds
2026-03-08 07:38:55,5.27,22,Clouds
2026-03-08 07:54:11,4.76,36,Clear
2026-03-08 08:15:31,5.76,33,Clear
2026-03-08 08:48:30,5.76,33,Clear
2026-03-08 09:03:17,5.76,33,Clear
2026-03-08 09:38:25,3.61,39,Clouds
2026-03-08 09:55:31,3.61,39,Clouds
2026-03-08 10:14:39,3.61,39,Clouds
2026-03-08 10:44:08,3.02,47,Clouds
2026-03-08 10:57:51,3.02,47,Clouds
2026-03-08 11:17:19,0.76,75,Clear
2026-03-08 11:35:33,0.76,75,Clear
2026-03-08 11:48:18,0.76,75,Clear
2026-03-08 11:56:49,0.76,75,Clear
2026-03-08 12:32:25,2.92,50,Clouds
2026-03-08 13:24:12,-0.24,86,Clear
2026-03-08 13:53:07,-0.24,86,Clear
2026-03-08 14:12:24,2.69,61,Clear
2026-03-08 14:40:45,2.42,63,Clear
2026-03-08 14:56:05,0.76,86,Clear
2026-03-08 15:15:12,2.42,63,Clear
2026-03-08 15:38:57,2.42,63,Clear
2026-03-08 15:51:47,1.76,87,Clear
2026-03-08 16:00:13,2.14,64,Clear
2026-03-08 16:31:17,2.14,64,Clear
2026-03-08 16:53:27,1.89,63,Clear
2026-03-08 17:12:03,1.89,63,Clear
2026-03-08 17:37:05,1.76,93,Clear
2026-03-08 17:53:22,1.63,62,Clear
2026-03-08 18:00:32,1.76,93,Clear
2026-03-08 18:38:32,1.76,87,Clouds
2026-03-08 19:00:52,1.76,87,Clouds
2026-03-08 19:26:54,1.36,61,Clear
2026-03-08 19:43:02,1.15,60,Clear
2026-03-08 19:53:12,1.15,60,Clear
2026-03-08 19:59:15,1.15,60,Clear
2026-03-08 20:26:02,1.15,60,Clear
2026-03-08 20:46:16,1.04,59,Clouds
2026-03-08 20:59:08,1.76,87,Mist
2026-03-08 21:22:27,1.76,87,Clouds
2026-03-08 21:41:00,1.76,87,Mist
2026-03-08 21:53:33,1.76,87,Mist
2026-03-08 21:59:53,0.94,59,Clouds
2026-03-08 22:25:30,1.76,80,Clouds
2026-03-08 22:46:04,1.76,80,Mist
2026-03-08 22:58:42,1.43,57,Clouds
2026-03-08 23:21:50,2.76,81,Clouds
2026-03-08 23:41:55,2.38,53,Clouds
2026-03-08 23:55:21,2.76,81,Haze
2026-03-09 01:06:04,3.76,70,Haze
2026-03-09 03:39:53,6.76,45,Clouds
2026-03-09 05:10:22,7.76,39,Haze
2026-03-09 06:10:10,7.71,29,Clouds
2026-03-09 07:15:51,7.76,29,Clouds
2026-03-09 07:57:33,6.76,45,Haze
2026-03-09 08:38:01,6.76,45,Haze
2026-03-09 09:29:50,5.76,49,Clouds
2026-03-09 10:12:14,3.76,56,Haze
2026-03-09 11:02:39,3.76,56,Haze
2026-03-09 11:39:33,2.76,60,Haze
2026-03-09 12:00:19,2.76,60,Haze
2026-03-09 13:08:36,2.76,60,Haze
2026-03-09 14:11:22,1.76,60,Clear
2026-03-09 15:08:57,3.05,41,Clear
2026-03-09 16:10:03,2.71,42,Clear
2026-03-09 17:07:15,-2.24,86,Haze
2026-03-09 17:56:43,-1.24,74,Haze
2026-03-09 18:40:59,1.71,45,Clear
2026-03-09 19:26:55,1.71,45,Clear
2026-03-09 19:56:06,1.44,46,Clear
2026-03-09 20:23:12,-4.24,93,Clear
2026-03-09 20:54:59,1.14,47,Clear
2026-03-09 21:21:03,1.14,47,Clear
2026-03-09 21:49:59,-4.24,100,Mist
2026-03-09 22:02:35,0.9,47,Clear
2026-03-09 22:38:23,1.45,44,Clouds
2026-03-09 22:58:54,-4.24,93,Mist
2026-03-09 23:27:00,1.45,44,Clouds
2026-03-09 23:48:52,-0.24,93,Mist
2026-03-09 23:59:21,2.38,39,Clouds
2026-03-10 01:58:09,5.76,49,Haze
2026-03-10 04:06:31,6.77,31,Clouds
2026-03-10 05:13:56,8.76,34,Haze
2026-03-10 06:00:20,7.03,26,Clouds
2026-03-10 06:54:18,6.82,26,Clear
2026-03-10 07:31:19,7.76,39,Haze
2026-03-10 08:01:30,7.76,39,Haze
2026-03-10 08:52:56,6.76,39,Clear
2026-03-10 09:30:39,5.76,42,Clear
2026-03-10 10:07:10,5.76,42,Clear
2026-03-10 10:56:41,3.76,45,Clear
2026-03-10 11:26:52,4.35,36,Clear
2026-03-10 11:53:02,3.96,39,Clear
2026-03-10 12:28:09,3.96,39,Clear
2026-03-10 13:41:37,-0.24,69,Clear
2026-03-10 14:29:04,-2.24,80,Clear
2026-03-10 15:29:56,3.23,41,Clouds
2026-03-10 16:35:03,-3.24,86,Clear
2026-03-10 17:24:46,-2.24,93,Clear
2026-03-10 18:04:51,-2.24,93,Clear
2026-03-10 19:03:07,2.23,49,Clouds
2026-03-10 19:42:07,2.11,49,Clouds
2026-03-10 20:02:47,2.11,49,Clouds
2026-03-10 20:43:24,2.19,48,Clouds
2026-03-10 21:03:23,-1.24,93,Clear
2026-03-10 21:36:59,-1.24,93,Clear
2026-03-10 21:54:48,1.93,48,Clouds
2026-03-10 22:14:20,1.93,48,Clouds
2026-03-10 22:47:01,-0.24,80,Clear
2026-03-10 23:02:21,2.5,45,Clouds
2026-03-10 23:35:10,3.72,38,Clouds
2026-03-10 23:53:14,3.72,38,Clouds
2026-03-11 00:00:44,3.72,38,Clouds
2026-03-11 02:21:44,3.76,65,Clear
2026-03-11 04:19:45,6.76,49,Clear
2026-03-11 05:18:14,8.88,21,Clouds
2026-03-11 06:04:35,6.76,45,Clouds
2026-03-11 07:07:07,8.76,37,Clouds
2026-03-11 07:51:08,8.76,53,Clouds
2026-03-11 08:24:17,7.76,61,Clear
2026-03-11 09:03:50,8.38,35,Clouds
2026-03-11 09:55:21,5.76,70,Clear
2026-03-11 10:27:53,7.58,41,Clouds
2026-03-11 11:05:49,4.76,70,Clear
2026-03-11 11:43:50,3.76,75,Clear
2026-03-11 12:01:37,6.22,55,Clouds
2026-03-11 13:14:15,2.76,87,Clear
2026-03-11 14:12:13,-0.24,100,Clear
2026-03-11 15:03:15,-0.24,100,Clear
2026-03-11 15:57:30,-0.24,100,Clear
2026-03-11 16:44:21,4.69,73,Clear
2026-03-11 17:34:50,-1.24,100,Fog
2026-03-11 18:29:47,4.32,65,Clear
2026-03-11 19:24:36,4.04,65,Clear
2026-03-11 19:54:45,3.75,65,Clear
2026-03-11 20:20:44,-1.24,100,Mist
2026-03-11 20:52:14,3.47,64,Clear
2026-03-11 21:18:16,-2.24,100,Mist
2026-03-11 21:49:06,-2.24,100,Fog
2026-03-11 22:02:01,-2.24,100,Fog
2026-03-11 22:33:44,-2.24,100,Fog
2026-03-11 22:52:39,-2.24,100,Fog
2026-03-11 23:12:44,-1.24,100,Fog
2026-03-11 23:39:51,-0.24,100,Fog
2026-03-11 23:56:06,5.01,54,Clear
2026-03-12 01:06:46,6.34,49,Clear
2026-03-12 03:38:06,10.45,31,Clear
2026-03-12 05:05:35,11.18,28,Clear
2026-03-12 06:00:47,11.68,26,Clear
2026-03-12 07:00:51,12.05,24,Clouds
2026-03-12 07:49:13,11.97,23,Clouds
2026-03-12 08:25:40,12.76,26,Clear
2026-03-12 09:05:30,10.96,29,Clouds
2026-03-12 09:56:39,11.76,28,Clear
2026-03-12 10:31:36,8.56,40,Clouds
2026-03-12 11:07:47,9.76,29,Clear
2026-03-12 11:39:54,8.76,43,Clear
2026-03-12 11:56:02,8.76,43,Clear
2026-03-12 12:36:18,6.76,53,Clear
2026-03-12 13:45:54,6.76,53,Clear
2026-03-12 14:33:30,5.76,56,Clear
2026-03-12 15:32:48,4.76,60,Clear
2026-03-12 16:35:41,2.76,70,Clear
2026-03-12 17:28:38,5.06,48,Clear
2026-03-12 18:08:00,2.76,70,Clear
2026-03-12 19:08:09,4.49,53,Clear
2026-03-12 19:49:20,4.13,53,Clear
2026-03-12 20:17:43,4.13,53,Clear
2026-03-12 20:54:11,3.86,54,Clear
2026-03-12 21:20:19,3.86,54,Clear
2026-03-12 21:50:21,0.76,80,Clear
2026-03-12 22:02:24,3.49,54,Clear
2026-03-12 22:35:02,3.82,51,Clear
2026-03-12 22:56:15,-0.24,93,Clear
2026-03-12 23:19:14,1.76,87,Clear
2026-03-12 23:44:20,1.76,87,Clear
2026-03-12 23:58:27,4.65,45,Clear
2026-03-13 01:52:14,7.76,36,Clear
2026-03-13 03:59:20,9.76,29,Clear
2026-03-13 05:12:45,9.95,22,Clear
2026-03-13 06:03:37,11.76,26,Clear
2026-03-13 07:07:04,11.09,21,Clear
2026-03-13 07:52:12,11.1,22,Clear
2026-03-13 08:24:29,11.1,22,Clear
2026-03-13 09:02:13,11.76,24,Clear
2026-03-13 09:50:27,10.76,37,Clear
2026-03-13 10:21:04,10.13,25,Clouds
2026-03-13 10:58:49,9.48,28,Clouds
2026-03-13 11:29:29,5.76,56,Clear
2026-03-13 11:52:47,5.76,56,Clear
2026-03-13 12:26:53,4.76,65,Clear
2026-03-13 13:37:25,3.76,70,Clear
2026-03-13 14:25:05,2.76,81,Clear
2026-03-13 15:06:16,2.76,81,Clear
2026-03-13 15:54:44,7.07,37,Clouds
2026-03-13 16:23:19,7.07,37,Clouds
2026-03-13 17:02:13,6.57,39,Clouds
2026-03-13 17:41:53,6.42,40,Clouds
2026-03-13 18:03:58,1.76,87,Clear
2026-03-13 18:56:40,2.76,87,Clear
2026-03-13 19:26:07,2.76,87,Clear
2026-03-13 19:51:55,2.76,87,Clear
2026-03-13 20:17:58,5.62,44,Clouds
2026-03-13 20:54:19,5.19,46,Clouds
2026-03-13 21:20:48,3.76,70,Clear
2026-03-13 21:50:23,5.31,46,Clouds
2026-03-13 22:14:49,3.76,75,Clear
2026-03-13 22:44:39,3.76,75,Clear
2026-03-13 23:01:06,5.7,45,Clouds
2026-03-13 23:33:00,5.76,56,Clear
2026-03-13 23:54:31,6.38,43,Clouds
2026-03-14 00:54:11,7.19,40,Clouds
2026-03-14 03:16:49,8.97,34,Clouds
2026-03-14 04:53:43,12.76,33,Clear
2026-03-14 05:36:50,10.5,28,Clouds
2026-03-14 06:08:24,11.76,32,Clear
2026-03-14 07:03:27,10.68,25,Clouds
2026-03-14 07:40:30,8.76,40,Clear
2026-03-14 07:58:46,9.89,27,Clouds
2026-03-14 08:32:19,7.76,39,Clear
2026-03-14 09:01:28,7.76,39,Clear
2026-03-14 09:39:21,7.76,39,Clear
2026-03-14 09:58:49,8.22,41,Clouds
2026-03-14 10:26:02,8.22,41,Clouds
2026-03-14 10:51:46,6.76,45,Clear
2026-03-14 11:12:12,7.74,49,Clouds
2026-03-14 11:36:02,7.25,56,Clouds
2026-03-14 11:52:06,6.76,53,Clear
2026-03-14 11:59:57,6.76,53,Clear
2026-03-14 12:54:43,5.76,61,Clear
2026-03-14 13:36:52,5.76,65,Clear
2026-03-14 14:02:38,6.69,66,Clouds
2026-03-14 14:38:09,6.36,71,Clouds
2026-03-14 14:58:59,6.36,71,Clouds
2026-03-14 15:26:30,6.36,71,Clouds
2026-03-14 15:48:52,5.76,81,Clouds
2026-03-14 16:00:56,5.76,81,Clouds
2026-03-14 16:36:35,5.76,93,Clouds
2026-03-14 16:59:49,6.02,75,Clouds
2026-03-14 17:27:19,6.02,75,Clouds
2026-03-14 17:50:18,5.72,77,Clouds
2026-03-14 18:02:05,5.72,77,Clouds
2026-03-14 18:50:32,6.41,71,Clouds
2026-03-14 19:16:31,5.76,100,Mist
2026-03-14 19:42:42,5.76,100,Mist
2026-03-14 19:55:59,6.26,71,Clouds
2026-03-14 20:16:50,6.26,71,Clouds
2026-03-14 20:46:13,5.76,100,Mist
2026-03-14 21:02:05,5.76,100,Mist
2026-03-14 21:33:41,4.76,100,Mist
2026-03-14 21:52:17,4.76,100,Mist
2026-03-14 22:01:25,4.76,100,Mist
2026-03-14 22:32:08,5.76,100,Mist
2026-03-14 22:54:34,6.32,71,Clouds
2026-03-14 23:14:54,6.32,71,Clouds
2026-03-14 23:43:10,5.76,100,Mist
2026-03-14 23:57:50,5.76,100,Mist
2026-03-15 01:58:41,7.76,76,Mist
2026-03-15 04:31:27,8.55,57,Clouds
2026-03-15 05:51:00,9.76,57,Haze
2026-03-15 06:40:05,9.4,49,Clouds
2026-03-15 07:31:04,10.76,50,Haze
2026-03-15 07:59:43,10.76,50,Haze
2026-03-15 08:37:49,9.29,50,Clouds
2026-03-15 09:04:53,9.76,53,Haze
2026-03-15 09:45:22,8.76,57,Haze
2026-03-15 10:01:30,8.76,57,Haze
2026-03-15 10:36:42,7.39,58,Clouds
2026-03-15 10:59:36,6.76,70,Haze
2026-03-15 11:26:57,4.76,70,Clear
2026-03-15 11:46:49,4.76,70,Clear
2026-03-15 11:58:41,4.76,70,Clear
2026-03-15 12:49:03,4.76,60,Clear
2026-03-15 13:36:58,5.45,56,Clear
2026-03-15 14:04:43,2.76,70,Clear
2026-03-15 14:41:22,1.76,80,Clear
2026-03-15 15:00:37,1.76,80,Clear
2026-03-15 15:32:33,4.82,56,Clouds
2026-03-15 15:54:00,-0.24,86,Mist
2026-03-15 16:16:31,4.82,56,Clouds
2026-03-15 16:49:44,-0.24,93,Mist
2026-03-15 17:13:40,4.53,57,Clouds
2026-03-15 17:44:13,-0.24,100,Mist
2026-03-15 17:59:58,4.35,58,Clouds
2026-03-15 18:40:29,0.76,86,Mist
2026-03-15 19:07:21,0.76,86,Mist
2026-03-15 19:37:43,0.76,86,Mist
2026-03-15 19:53:36,0.76,86,Mist
2026-03-15 20:13:28,-0.24,100,Mist
2026-03-15 20:46:10,-0.24,100,Mist
2026-03-15 21:02:02,4.08,60,Clouds
2026-03-15 21:34:50,-0.24,100,Mist
2026-03-15 21:53:29,3.78,61,Clouds
2026-03-15 22:12:55,3.78,61,Clouds
2026-03-15 22:47:12,4.34,58,Clouds
2026-03-15 23:03:24,-1.24,100,Mist
2026-03-15 23:38:35,5.28,53,Clouds
2026-03-15 23:57:39,1.76,100,Mist
2026-03-16 01:58:02,7.76,61,Haze
2026-03-16 04:37:16,10.62,31,Clouds
2026-03-16 06:08:02,11.06,27,Clouds
2026-03-16 07:46:01,11.76,40,Haze
2026-03-16 08:40:10,10.49,26,Clouds
2026-03-16 09:44:56,8.76,43,Haze
2026-03-16 10:39:11,9.63,29,Clouds
2026-03-16 11:30:25,4.76,65,Clear
2026-03-16 12:04:40,8.24,32,Clouds
2026-03-16 13:48:23,3.76,75,Clear
2026-03-16 14:48:50,1.76,80,Clear
2026-03-16 15:47:41,1.76,80,Clear
2026-03-16 16:44:42,-0.24,93,Clear
2026-03-16 17:44:24,5.76,34,Clear
2026-03-16 18:37:42,-0.24,93,Mist
2026-03-16 19:37:23,-0.24,86,Mist
2026-03-16 20:02:48,5.32,34,Clouds
2026-03-16 20:50:38,5.02,35,Clouds
2026-03-16 21:24:23,5.02,35,Clouds
2026-03-16 21:57:34,4.93,35,Clouds
2026-03-16 22:27:27,-2.24,100,Mist
2026-03-16 22:55:47,-2.24,100,Mist
2026-03-16 23:21:30,1.76,100,Mist
2026-03-16 23:47:00,6.99,30,Clouds
2026-03-17 00:00:40,6.99,30,Clouds
2026-03-17 02:27:23,11.76,37,Clear
2026-03-17 04:28:44,12.76,33,Haze
2026-03-17 05:41:07,13.76,35,Haze
2026-03-17 06:42:56,14.76,29,Haze
2026-03-17 07:40:16,13.76,33,Haze
2026-03-17 08:28:18,12.76,33,Haze
2026-03-17 09:13:52,13.12,20,Clear
2026-03-17 10:08:58,12.27,21,Clear
2026-03-17 11:05:20,6.76,42,Haze
2026-03-17 11:50:43,5.76,42,Haze
2026-03-17 12:36:02,5.76,45,Clear
2026-03-17 14:01:41,9.35,22,Clouds
2026-03-17 15:03:19,3.76,60,Clear
2026-03-17 16:12:36,3.76,70,Clear
2026-03-17 17:16:59,8.95,21,Clouds
2026-03-17 18:09:19,3.76,75,Clear
2026-03-17 19:18:04,4.76,65,Clouds
2026-03-17 19:58:59,8.3,26,Rain
2026-03-17 20:37:19,4.76,70,Rain
2026-03-17 21:08:42,4.76,70,Rain
2026-03-17 21:51:55,6.76,57,Rain
2026-03-17 22:19:16,5.76,70,Rain
2026-03-17 22:53:56,4.59,74,Rain
2026-03-17 23:19:35,6.76,76,Rain
2026-03-17 23:49:02,6.76,76,Rain
2026-03-18 00:58:03,6.76,65,Rain
2026-03-18 03:37:32,3.76,100,Rain
2026-03-18 05:15:36,5.76,100,Rain
2026-03-18 06:14:21,5.76,93,Mist
2026-03-18 07:17:35,7.1,70,Clouds
2026-03-18 08:01:10,8.55,62,Clouds
2026-03-18 08:56:03,8.76,66,Clouds
2026-03-18 09:42:49,6.86,59,Clouds
2026-03-18 10:35:35,6.86,59,Clouds
2026-03-18 11:27:41,6.6,55,Clouds
2026-03-18 12:03:59,6.41,46,Clouds
2026-03-18 13:46:57,5.39,47,Clouds
2026-03-18 14:50:23,5.04,40,Clouds
2026-03-18 15:55:25,1.76,69,Clear
2026-03-18 16:48:42,3.85,36,Clouds
2026-03-18 17:46:56,3.68,34,Clouds
2026-03-18 18:38:02,2.76,56,Clear
2026-03-18 19:32:42,-0.24,64,Clear
2026-03-18 20:00:49,-0.24,64,Clear
2026-03-18 20:41:10,-2.24,80,Clear
2026-03-18 21:19:08,2.76,35,Clouds
2026-03-18 21:51:26,-1.24,69,Clear
2026-03-18 22:18:16,-1.24,74,Clear
2026-03-18 22:49:32,3.37,30,Clouds
2026-03-18 23:16:28,3.37,30,Clouds
2026-03-18 23:43:35,2.76,60,Clear
2026-03-18 23:59:03,2.76,60,Clear
2026-03-19 02:06:37,7.54,17,Clear
2026-03-19 04:29:02,9.76,15,Clear
2026-03-19 05:41:49,10.76,28,Clear
2026-03-19 06:38:06,10.76,24,Clear
2026-03-19 07:33:02,8.57,22,Clouds
2026-03-19 08:04:11,8.76,27,Clear
2026-03-19 08:56:20,7.23,34,Clouds
2026-03-19 09:34:43,6.76,49,Clear
2026-03-19 10:09:53,6.53,40,Clouds
2026-03-19 10:59:35,5.76,61,Clear
2026-03-19 11:35:46,4.76,65,Clear
2026-03-19 12:01:08,5.8,46,Clouds
2026-03-19 13:15:42,5.62,47,Clear
2026-03-19 14:13:46,5.26,51,Clouds
2026-03-19 15:06:12,4.95,56,Clouds
2026-03-19 16:03:51,4.81,62,Clouds
2026-03-19 17:07:07,2.76,93,Clear
2026-03-19 17:59:21,2.76,93,Clear
2026-03-19 18:57:56,-0.24,100,Clear
2026-03-19 19:43:21,3.57,73,Clear
2026-03-19 20:19:34,-0.24,93,Clear
2026-03-19 20:58:02,-0.24,93,Clear
2026-03-19 21:31:23,-2.24,100,Clouds
2026-03-19 21:56:04,3.34,74,Clear
2026-03-19 22:18:27,0.76,100,Clear
2026-03-19 22:49:46,0.76,100,Clouds
2026-03-19 23:15:22,4.15,70,Clear
2026-03-19 23:44:54,3.76,87,Clear
2026-03-19 23:59:41,3.76,87,Clear
2026-03-20 02:07:54,8.76,66,Clouds
2026-03-20 04:21:37,10.76,54,Clouds
2026-03-20 05:31:23,11.76,50,Clear
2026-03-20 06:11:41,12.76,44,Clear
2026-03-20 07:12:19,12.76,44,Clear
2026-03-20 07:53:34,12.76,38,Clear
2026-03-20 08:25:44,11.75,25,Clouds
2026-03-20 09:03:24,10.64,27,Clouds
2026-03-20 09:54:17,9.45,29,Clouds
2026-03-20 10:24:46,9.45,29,Clouds
2026-03-20 11:00:43,7.76,61,Clear
2026-03-20 11:34:47,6.76,61,Clear
2026-03-20 11:56:43,6.76,61,Clear
2026-03-20 12:39:52,3.76,60,Clear
2026-03-20 13:45:23,7.16,41,Clear
2026-03-20 14:29:27,1.76,75,Clear
2026-03-20 15:10:42,1.76,75,Clear
2026-03-20 15:55:54,0.76,86,Clear
2026-03-20 16:31:05,-0.24,93,Clear
2026-03-20 17:10:15,-0.24,93,Clear
2026-03-20 17:51:31,5.39,51,Clear
2026-03-20 18:27:30,5.45,49,Clear
2026-03-20 19:10:26,-0.24,100,Mist
2026-03-20 19:47:49,-0.24,100,Mist
2026-03-20 20:02:59,4.9,50,Clear
2026-03-20 20:43:41,-1.24,93,Mist
2026-03-20 21:03:02,-1.24,93,Mist
2026-03-20 21:38:55,-1.24,100,Mist
2026-03-20 21:57:03,4.55,50,Clear
2026-03-20 22:21:12,-0.24,100,Mist
2026-03-20 22:50:28,5.37,46,Clear
2026-03-20 23:14:58,5.37,46,Clear
2026-03-20 23:43:42,6.75,38,Clear
2026-03-20 23:58:30,4.76,87,Mist
2026-03-21 01:48:44,9.55,26,Clouds
2026-03-21 03:51:51,12.76,28,Clear
2026-03-21 04:58:51,12.52,13,Clouds
2026-03-21 05:39:10,12.68,13,Clouds
2026-03-21 06:05:57,12.68,13,Clouds
2026-03-21 06:59:17,13.76,28,Clear
2026-03-21 07:32:28,13.76,28,Clear
2026-03-21 07:54:21,13.76,28,Clear
2026-03-21 08:16:16,12.76,28,Clear
2026-03-21 08:50:51,10.56,16,Clear
2026-03-21 09:17:13,10.76,28,Clear
2026-03-21 09:47:25,10.76,28,Clear
2026-03-21 09:59:56,10.76,28,Clear
2026-03-21 10:28:41,6.76,33,Clear
2026-03-21 10:51:54,6.76,33,Clear
2026-03-21 11:11:05,6.76,33,Clear
2026-03-21 11:34:45,9.16,19,Clear
2026-03-21 11:49:30,8.86,21,Clear
2026-03-21 11:58:45,8.86,21,Clear
2026-03-21 12:43:42,8.37,22,Clear
2026-03-21 13:30:18,3.76,70,Clear
2026-03-21 13:58:01,3.76,70,Clear
2026-03-21 14:23:09,8.37,22,Clear
2026-03-21 14:48:31,3.76,65,Clear
2026-03-21 15:01:16,3.76,65,Clear
2026-03-21 15:31:02,8,24,Clouds
2026-03-21 15:49:02,1.76,69,Clear
2026-03-21 16:00:17,7.65,25,Clouds
2026-03-21 16:33:00,2.76,70,Clear
2026-03-21 16:56:19,2.76,70,Clear
2026-03-21 17:18:39,1.76,80,Clear
2026-03-21 17:44:17,1.76,80,Clear
2026-03-21 17:57:32,1.76,80,Clear
2026-03-21 18:28:45,2.76,75,Clear
2026-03-21 18:59:49,2.76,75,Clear
2026-03-21 19:25:20,2.76,81,Clear
2026-03-21 19:42:46,7.35,24,Clouds
2026-03-21 19:53:59,2.76,81,Clear
2026-03-21 20:00:27,2.76,81,Clear
2026-03-21 20:30:20,1.76,87,Clear
2026-03-21 20:51:18,1.76,87,Clear
2026-03-21 21:11:43,2.76,87,Clear
2026-03-21 21:36:55,2.76,87,Clear
2026-03-21 21:52:33,2.76,87,Clear
2026-03-21 22:00:15,7.26,24,Clouds
2026-03-21 22:27:56,7.26,24,Clouds
2026-03-21 22:49:07,7.71,23,Clouds
2026-03-21 23:01:37,2.76,87,Clear
2026-03-21 23:31:06,7.71,23,Clouds
2026-03-21 23:49:01,4.76,70,Clear
2026-03-21 23:59:56,4.76,70,Clear
2026-03-22 02:25:37,13.76,26,Clear
2026-03-22 04:30:37,16.76,20,Clear
2026-03-22 05:37:29,16.28,14,Clouds
2026-03-22 06:28:52,17.76,17,Clear
2026-03-22 07:12:46,17.76,17,Clear
2026-03-22 07:49:19,16.76,16,Clear
2026-03-22 08:01:51,16.7,14,Clouds
2026-03-22 08:42:34,13.8,15,Clouds
2026-03-22 09:03:38,14.76,25,Clear
2026-03-22 09:42:49,12.76,21,Clear
2026-03-22 09:59:30,12.76,21,Clear
2026-03-22 10:27:41,9.76,34,Clear
2026-03-22 10:52:27,11.88,18,Clouds
2026-03-22 11:12:03,7.76,46,Clear
2026-03-22 11:35:22,11.68,18,Clouds
2026-03-22 11:50:17,7.76,46,Clear
2026-03-22 11:59:18,7.76,46,Clear
2026-03-22 12:51:01,6.76,45,Clear
2026-03-22 13:34:27,10.77,21,Clouds
2026-03-22 14:01:33,9.99,23,Clouds
2026-03-22 14:33:40,5.76,49,Clear
2026-03-22 14:55:23,9.44,24,Clouds
2026-03-22 15:15:58,9.44,24,Clouds
2026-03-22 15:42:26,4.76,52,Clear
2026-03-22 15:56:59,4.76,52,Clear
2026-03-22 16:21:38,8.9,25,Clouds
2026-03-22 16:50:42,8.45,26,Clouds
2026-03-22 17:12:26,8.45,26,Clouds
2026-03-22 17:40:15,8.1,29,Clouds
2026-03-22 17:56:09,2.76,75,Clear
2026-03-22 18:24:08,8.1,29,Clouds
2026-03-22 18:57:56,1.76,75,Clear
2026-03-22 19:21:56,0.76,69,Clear
2026-03-22 19:42:43,7.85,34,Clouds
2026-03-22 19:53:58,0.76,69,Clear
2026-03-22 20:00:19,7.85,34,Clouds
2026-03-22 20:31:19,0.76,80,Clear
2026-03-22 20:53:27,7.58,35,Clouds
2026-03-22 21:14:06,0.76,80,Clear
2026-03-22 21:41:04,0.76,80,Clear
2026-03-22 21:56:18,0.76,80,Clear
2026-03-22 22:16:39,0.76,80,Clear
2026-03-22 22:46:05,0.76,80,Clear
2026-03-22 23:01:06,8.27,34,Clouds
2026-03-22 23:33:28,8.27,34,Clouds
2026-03-22 23:54:24,5.76,70,Clear
2026-03-23 01:01:14,8.76,49,Clear
2026-03-23 03:45:21,15.76,21,Clear
2026-03-23 05:23:39,18.76,20,Clear
2026-03-23 06:43:20,18.76,20,Clear
2026-03-23 07:47:20,17.76,27,Clear
2026-03-23 08:36:16,16.76,39,Clear
2026-03-23 09:40:58,14.76,41,Clear
2026-03-23 10:34:57,17.2,26,Clouds
2026-03-23 11:59:35,13.58,29,Clouds
2026-03-23 13:08:25,7.76,57,Clouds
2026-03-23 14:19:44,5.76,70,Clear
2026-03-23 15:17:42,12.01,35,Clouds
2026-03-23 16:12:40,11.55,38,Clouds
2026-03-23 17:08:24,3.76,87,Clouds
2026-03-23 18:00:27,10.36,44,Clouds
2026-03-23 18:58:44,10.08,41,Clouds
2026-03-23 19:47:13,2.76,93,Mist
2026-03-23 20:24:11,2.76,93,Mist
2026-03-23 20:57:43,2.76,93,Mist
2026-03-23 21:31:36,3.76,93,Mist
2026-03-23 22:00:59,3.76,93,Mist
2026-03-23 22:37:11,2.76,100,Mist
2026-03-23 23:03:17,2.76,100,Mist
2026-03-23 23:41:26,11.16,42,Clouds
2026-03-23 23:59:17,11.16,42,Clouds
2026-03-24 02:02:10,14.76,36,Haze
2026-03-24 04:24:57,16.76,29,Clear
2026-03-24 05:40:22,15.76,36,Clear
2026-03-24 06:42:19,15.76,39,Clear
2026-03-24 07:40:11,17.49,35,Clouds
2026-03-24 08:27:48,17.3,33,Clouds
2026-03-24 09:13:45,15.21,39,Clouds
2026-03-24 10:09:36,12.76,58,Clear
2026-03-24 11:06:52,11.76,58,Clear
2026-03-24 11:53:20,10.76,66,Clear
2026-03-24 12:37:08,9.76,71,Clouds
2026-03-24 14:00:26,12.28,39,Clouds
2026-03-24 15:01:18,12.07,39,Clouds
2026-03-24 16:09:58,8.76,81,Clouds
2026-03-24 17:13:06,7.76,87,Clouds
2026-03-24 18:07:17,7.76,87,Clouds
2026-03-24 19:18:16,11.01,32,Clouds
2026-03-24 19:57:34,6.76,100,Clouds
2026-03-24 20:35:52,6.76,100,Mist
2026-03-24 21:08:44,6.76,93,Mist
2026-03-24 21:50:37,6.76,93,Mist
2026-03-24 22:15:59,10.23,32,Clouds
2026-03-24 22:50:57,6.76,93,Clouds
2026-03-24 23:17:24,8.76,93,Clouds
2026-03-24 23:48:04,8.76,93,Mist
2026-03-25 00:02:14,8.76,93,Mist
2026-03-25 02:50:32,14.76,55,Clouds
2026-03-25 04:46:18,17.76,45,Clear
2026-03-25 05:48:23,19.74,23,Clear
2026-03-25 06:44:24,19.77,24,Clear
2026-03-25 07:40:05,18.8,29,Clear
2026-03-25 08:27:55,18.62,29,Clear
2026-03-25 09:13:37,17.23,32,Clear
2026-03-25 10:08:41,12.76,67,Clear
2026-03-25 11:03:07,9.76,71,Clear
2026-03-25 11:49:53,8.76,71,Clear
2026-03-25 12:33:44,7.76,87,Clear
2026-03-25 13:57:28,5.76,87,Clear
2026-03-25 14:54:11,6.76,93,Clear
2026-03-25 15:55:51,10.57,55,Clear
2026-03-25 16:53:24,10.37,56,Clear
2026-03-25 17:45:42,5.76,100,Mist
2026-03-25 18:36:30,3.76,100,Mist
2026-03-25 19:28:50,3.76,100,Mist
2026-03-25 20:00:24,3.76,100,Mist
2026-03-25 20:41:36,2.76,100,Mist
2026-03-25 21:07:15,2.76,100,Mist
2026-03-25 21:51:24,3.76,100,Fog
2026-03-25 22:21:53,2.76,100,Mist
2026-03-25 22:59:02,2.76,100,Mist
2026-03-25 23:33:31,10.29,55,Clouds
2026-03-26 00:01:13,11.74,47,Clouds
2026-03-26 02:45:34,17.9,33,Clear
2026-03-26 04:57:02,15.76,51,Haze
2026-03-26 06:08:16,16.76,39,Haze
2026-03-26 07:24:02,16.76,42,Clouds
2026-03-26 08:09:46,14.76,47,Clouds
2026-03-26 09:11:48,12.76,67,Haze
2026-03-26 10:10:46,8.76,87,Haze
2026-03-26 11:10:39,5.76,100,Clouds
2026-03-26 11:57:43,12.52,46,Clouds
2026-03-26 13:03:13,5.76,100,Mist
2026-03-26 14:42:28,11.23,55,Clouds
2026-03-26 15:54:54,3.76,100,Mist
2026-03-26 16:49:58,10.43,59,Clouds
2026-03-26 17:46:25,3.76,100,Mist
2026-03-26 18:40:44,3.76,100,Mist
2026-03-26 19:40:33,2.76,100,Mist
2026-03-26 20:03:45,2.76,100,Mist
2026-03-26 20:45:48,5.76,100,Mist
2026-03-26 21:16:24,5.76,100,Mist
2026-03-26 21:46:46,5.76,100,Mist
2026-03-26 22:00:16,5.76,100,Mist
2026-03-26 22:32:47,5.76,100,Mist
2026-03-26 22:57:51,5.76,100,Mist
2026-03-26 23:27:54,6.76,100,Mist
2026-03-26 23:56:30,11.34,51,Clear
2026-03-27 01:27:06,10.76,76,Mist
2026-03-27 04:11:15,13.76,62,Haze
2026-03-27 05:49:23,15.76,51,Haze
2026-03-27 06:50:47,15.76,48,Haze
2026-03-27 07:47:43,15.76,48,Haze
2026-03-27 08:33:11,19.29,37,Clear
2026-03-27 09:30:03,13.76,54,Haze
2026-03-27 10:11:24,13.76,54,Haze
2026-03-27 11:05:20,10.76,76,Haze
2026-03-27 11:51:01,8.76,87,Haze
2026-03-27 12:31:15,6.76,100,Mist
2026-03-27 13:50:29,11.72,59,Clouds
2026-03-27 14:40:29,5.76,100,Fog
2026-03-27 15:30:02,11.39,60,Clouds
2026-03-27 16:13:15,11.03,59,Clouds
2026-03-27 17:10:07,10.75,58,Clouds
2026-03-27 18:01:15,5.76,100,Mist
2026-03-27 19:01:45,4.76,100,Mist
2026-03-27 19:42:23,9.39,62,Clouds
2026-03-27 20:04:38,9.39,62,Clouds
2026-03-27 20:51:43,4.76,100,Mist
2026-03-27 21:21:29,4.76,100,Mist
2026-03-27 21:53:21,9.21,61,Clouds
2026-03-27 22:17:20,5.76,100,Mist
2026-03-27 22:53:24,10.08,55,Clouds
2026-03-27 23:19:29,10.08,55,Clouds
2026-03-27 23:48:10,5.76,100,Mist
2026-03-28 00:02:41,5.76,100,Mist
2026-03-28 02:53:41,14.76,44,Haze
2026-03-28 04:45:25,17.76,39,Haze
2026-03-28 05:44:28,17.76,45,Haze
2026-03-28 06:38:33,17.76,39,Haze
2026-03-28 07:31:26,18.76,32,Clear
2026-03-28 08:01:30,18.76,32,Haze
2026-03-28 08:44:12,18.25,22,Clear
2026-03-28 09:20:54,15.76,41,Clear
2026-03-28 09:54:35,17.07,23,Clear
2026-03-28 10:18:54,8.76,81,Clear
2026-03-28 10:52:33,8.76,81,Haze
2026-03-28 11:15:49,5.76,93,Clear
2026-03-28 11:42:55,5.76,93,Haze
2026-03-28 11:57:49,5.76,93,Haze
2026-03-28 12:43:52,13.47,34,Clear
2026-03-28 13:37:59,4.76,87,Clear
2026-03-28 14:06:23,4.76,100,Haze
2026-03-28 14:45:50,4.76,100,Haze
2026-03-28 15:04:26,12.83,36,Clouds
2026-03-28 15:40:10,12.71,36,Clouds
2026-03-28 15:59:42,12.71,36,Clouds
2026-03-28 16:35:29,4.76,93,Haze
2026-03-28 17:01:52,4.76,93,Haze
2026-03-28 17:35:54,3.76,93,Haze
2026-03-28 17:57:53,3.76,93,Haze
2026-03-28 18:34:39,11.43,39,Clouds
2026-03-28 19:07:56,3.76,100,Mist
2026-03-28 19:40:19,3.76,100,Mist
2026-03-28 19:56:26,3.76,100,Mist
2026-03-28 20:19:55,3.76,100,Mist
2026-03-28 20:50:19,3.76,100,Mist
2026-03-28 21:15:32,3.76,100,Mist
2026-03-28 21:45:11,10.91,38,Clouds
2026-03-28 22:00:09,10.91,38,Clouds
2026-03-28 22:31:12,10.91,38,Clouds
2026-03-28 22:57:53,3.76,100,Haze
2026-03-28 23:26:59,11.85,35,Clouds
2026-03-28 23:53:06,7.76,87,Haze
2026-03-29 01:05:30,14.99,26,Clouds
2026-03-29 04:07:18,19.76,24,Clear
2026-03-29 05:48:31,18.76,26,Clear
2026-03-29 06:46:30,16.76,39,Clear
2026-03-29 07:39:39,16.76,31,Haze
2026-03-29 08:04:20,19.03,21,Clouds
2026-03-29 08:54:07,17.76,24,Clear
2026-03-29 09:23:35,14.76,29,Clear
2026-03-29 09:56:31,15.32,18,Clouds
2026-03-29 10:24:15,15.32,18,Clouds
2026-03-29 10:56:29,13.93,18,Clouds
2026-03-29 11:21:48,13.93,18,Clouds
2026-03-29 11:47:25,11.76,40,Clear
2026-03-29 12:00:37,11.76,40,Clear
2026-03-29 13:02:32,8.76,53,Clear
2026-03-29 13:56:15,14.33,20,Clouds
2026-03-29 14:26:10,8.76,53,Clear
2026-03-29 14:58:15,8.76,53,Clear
2026-03-29 15:28:07,7.76,66,Clear
2026-03-29 15:53:11,7.76,66,Clear
2026-03-29 16:18:46,8.76,61,Clear
2026-03-29 16:54:55,12.66,24,Clouds
2026-03-29 17:19:46,10.76,43,Clear
2026-03-29 17:50:52,12.55,24,Clouds
2026-03-29 18:21:27,9.76,46,Clear
2026-03-29 19:04:46,9.76,46,Clear
2026-03-29 19:39:57,12.52,23,Clouds
2026-03-29 19:58:59,8.76,57,Clear
2026-03-29 20:27:42,8.76,61,Clear
2026-03-29 20:56:48,8.76,61,Clear
2026-03-29 21:24:44,12.37,22,Clouds
2026-03-29 21:51:21,12.33,22,Clouds
2026-03-29 22:14:40,12.33,22,Clouds
2026-03-29 22:51:05,13.15,22,Clouds
2026-03-29 23:18:13,10.76,58,Clear
2026-03-29 23:49:44,10.76,58,Clear
2026-03-30 01:06:06,11.76,54,Clear
2026-03-30 04:12:37,19.63,20,Clouds
2026-03-30 06:05:56,20.76,28,Clear
2026-03-30 07:57:34,19.76,34,Clear
2026-03-30 09:05:51,18.07,27,Clouds
2026-03-30 10:25:05,15.76,41,Clouds
2026-03-30 11:30:35,15.76,41,Rain
2026-03-30 12:09:17,15.76,41,Rain
2026-03-30 13:59:57,13.88,63,Rain
2026-03-30 15:04:19,12.76,82,Rain
2026-03-30 16:10:48,12.17,83,Rain
2026-03-30 17:09:45,11.78,85,Rain
2026-03-30 18:04:09,10.76,100,Rain
2026-03-30 19:13:38,9.76,100,Rain
2026-03-30 20:00:15,10.76,100,Rain
2026-03-30 20:49:18,10.86,81,Rain
2026-03-30 21:28:38,10.86,81,Rain
2026-03-30 22:02:27,9.76,100,Rain
2026-03-30 22:47:33,9.76,100,Clouds
2026-03-30 23:21:35,10.76,93,Clouds
2026-03-30 23:53:30,10.76,93,Mist
2026-03-31 01:04:29,13.48,59,Clouds
2026-03-31 03:54:33,18.51,42,Clouds
2026-03-31 05:29:19,16.76,55,Clouds
2026-03-31 06:48:48,17.76,48,Clouds
2026-03-31 07:57:25,17.76,52,Clouds
2026-03-31 08:51:47,16.76,55,Rain
2026-03-31 09:50:21,17.39,49,Clouds
2026-03-31 10:40:03,15.76,59,Clear
2026-03-31 11:31:17,13.76,72,Clear
2026-03-31 12:08:06,13.76,72,Clear
2026-03-31 13:58:56,10.76,82,Clouds
2026-03-31 15:00:39,9.76,87,Clouds
2026-03-31 16:07:21,8.76,100,Clear
2026-03-31 17:11:35,8.76,100,Clear
2026-03-31 18:05:43,8.76,100,Clear
2026-03-31 19:15:50,7.76,100,Clouds
2026-03-31 19:59:50,7.76,100,Clouds
2026-03-31 20:43:15,6.76,100,Clouds
2026-03-31 21:21:42,7.76,100,Clouds
2026-03-31 21:57:39,7.76,100,Clouds
2026-03-31 22:29:44,8.76,100,Clouds
2026-03-31 22:59:22,8.76,100,Clouds
2026-03-31 23:33:39,11.76,94,Clear
2026-04-01 00:01:11,11.76,94,Clear
2026-04-01 03:17:03,16.76,59,Clouds
2026-04-01 05:32:34,16.76,59,Haze
2026-04-01 07:01:00,14.76,63,Haze
2026-04-01 08:17:14,14.76,31,Clear
2026-04-01 09:37:05,13.76,41,Clear
2026-04-01 10:36:59,11.76,40,Clear
2026-04-01 11:32:14,10.76,54,Clear
2026-04-01 12:08:14,10.76,54,Clear
2026-04-01 14:01:11,6.76,76,Clouds
2026-04-01 15:10:18,6.76,70,Clouds
2026-04-01 16:12:53,11.01,42,Clouds
2026-04-01 17:10:17,3.76,93,Clear
2026-04-01 18:01:03,3.76,93,Clear
2026-04-01 19:08:20,4.76,87,Clear
2026-04-01 20:00:58,3.76,93,Clear
2026-04-01 20:50:53,3.76,93,Mist
2026-04-01 21:29:33,2.76,100,Mist
2026-04-01 22:03:00,2.76,100,Mist
2026-04-01 22:50:27,3.76,100,Mist
2026-04-01 23:23:48,7.76,87,Mist
2026-04-01 23:52:34,7.76,87,Mist
2026-04-02 01:00:43,9.76,71,Haze
2026-04-02 03:44:38,15.76,44,Haze
2026-04-02 05:24:04,17.76,36,Clear
2026-04-02 06:43:59,15.76,36,Clear
2026-04-02 07:50:17,15.76,39,Clear
2026-04-02 08:40:31,13.76,41,Clear
2026-04-02 09:41:12,12.76,41,Clear
2026-04-02 10:33:43,10.76,46,Clear
2026-04-02 11:26:26,9.76,53,Clear
2026-04-02 12:03:31,9.76,53,Clear
2026-04-02 13:47:53,7.76,71,Haze
2026-04-02 14:42:58,7.76,81,Haze
2026-04-02 15:40:50,5.76,100,Mist
2026-04-02 16:34:32,5.76,100,Mist
2026-04-02 17:27:16,6.76,100,Mist
2026-04-02 18:06:31,6.76,100,Mist
2026-04-02 19:10:47,5.76,100,Mist
2026-04-02 19:54:57,5.76,100,Mist
2026-04-02 20:22:10,6.76,100,Mist
2026-04-02 20:57:26,6.76,100,Mist
2026-04-02 21:31:25,6.76,100,Mist
2026-04-02 22:02:22,6.76,100,Mist
2026-04-02 22:40:37,6.76,100,Mist
2026-04-02 23:03:55,6.76,100,Mist
2026-04-02 23:44:13,8.76,81,Mist
2026-04-03 00:04:15,8.76,81,Mist
2026-04-03 03:20:58,17.76,45,Clouds
2026-04-03 05:17:52,20.76,28,Clear
2026-04-03 06:18:56,21.76,26,Clear
2026-04-03 07:38:47,20.76,32,Clear
2026-04-03 08:29:00,19.76,37,Clear
2026-04-03 09:28:05,17.76,36,Clear
2026-04-03 10:07:42,15.76,36,Clear
2026-04-03 10:59:04,15.76,36,Clear
2026-04-03 11:36:53,14.76,44,Clear
2026-04-03 12:04:12,14.76,44,Clear
2026-04-03 13:23:40,14.76,55,Clouds
2026-04-03 14:08:44,13.76,62,Clouds
2026-04-03 14:58:15,13.76,62,Clouds
2026-04-03 15:37:04,12.76,71,Clouds
2026-04-03 16:04:58,12.76,71,Clouds
2026-04-03 16:53:55,13.76,62,Rain
2026-04-03 17:22:10,13.76,62,Rain
2026-04-03 17:55:06,13.76,62,Rain
2026-04-03 18:30:02,12.76,67,Rain
2026-04-03 19:11:45,12.76,62,Rain
2026-04-03 19:52:03,12.76,62,Rain
2026-04-03 20:19:03,12.76,67,Rain
2026-04-03 20:55:34,12.76,67,Haze
2026-04-03 21:22:52,12.76,67,Rain
2026-04-03 21:53:25,12.76,67,Rain
2026-04-03 22:18:35,11.76,76,Rain
2026-04-03 22:54:50,11.76,76,Rain
2026-04-03 23:22:37,12.76,71,Rain
2026-04-03 23:52:53,12.76,71,Mist
2026-04-04 00:58:13,13.76,67,Mist
2026-04-04 03:30:50,18.76,52,Clouds
2026-04-04 05:09:14,18.76,55,Clouds
2026-04-04 06:09:54,17.76,59,Clouds
2026-04-04 07:14:40,16.76,63,Clear
2026-04-04 07:55:17,16.76,63,Clear
2026-04-04 08:27:43,15.76,63,Clear
2026-04-04 09:04:32,15.76,63,Clear
2026-04-04 09:51:02,13.76,72,Clouds
2026-04-04 10:18:47,10.76,76,Clear
2026-04-04 10:54:27,10.76,76,Clear
2026-04-04 11:17:44,10.76,76,Clouds
2026-04-04 11:45:04,10.76,76,Clouds
2026-04-04 11:59:18,10.76,76,Clouds
2026-04-04 12:54:54,9.76,81,Clouds
2026-04-04 13:43:11,8.76,81,Clouds
2026-04-04 14:19:50,7.76,93,Clouds
2026-04-04 14:54:31,7.76,93,Mist
2026-04-04 15:18:03,7.76,87,Clouds
2026-04-04 15:48:15,7.76,87,Mist
2026-04-04 16:03:35,7.76,87,Mist
2026-04-04 16:48:36,7.76,93,Mist
2026-04-04 17:17:04,7.76,87,Clouds
2026-04-04 17:49:00,7.76,87,Mist
2026-04-04 18:03:55,7.76,87,Mist
2026-04-04 18:57:06,6.76,93,Mist
2026-04-04 19:26:34,6.76,93,Clouds
2026-04-04 19:51:15,6.76,93,Mist
2026-04-04 20:14:13,6.76,87,Clouds
2026-04-04 20:49:42,6.76,87,Mist
2026-04-04 21:16:12,6.76,93,Clouds
2026-04-04 21:47:09,6.76,93,Mist
2026-04-04 22:01:45,6.76,93,Mist
2026-04-04 22:35:11,6.76,87,Mist
2026-04-04 22:59:32,6.76,87,Mist
2026-04-04 23:31:49,7.76,76,Mist
2026-04-04 23:56:42,7.76,76,Mist
2026-04-05 01:46:45,9.76,62,Haze
2026-04-05 04:23:22,13.76,47,Clouds
2026-04-05 05:56:11,14.76,47,Clear
2026-04-05 06:55:08,15.76,39,Clear
2026-04-05 07:46:27,15.76,39,Clear
2026-04-05 08:25:04,14.76,36,Clear
2026-04-05 09:03:46,14.76,36,Clear
2026-04-05 09:51:09,13.76,51,Clear
2026-04-05 10:18:40,11.76,58,Clear
2026-04-05 10:55:46,11.76,58,Rain
2026-04-05 11:21:22,10.76,66,Clear
2026-04-05 11:47:40,10.76,66,Clear
2026-04-05 12:01:52,10.76,66,Rain
2026-04-05 13:11:52,8.76,81,Thunderstorm
2026-04-05 13:59:59,7.76,93,Rain
2026-04-05 14:35:52,7.76,93,Rain
2026-04-05 15:04:30,7.76,93,Rain
2026-04-05 15:42:15,8.76,87,Clouds
2026-04-05 16:01:38,8.76,87,Clouds
2026-04-05 16:43:29,8.76,93,Clouds
2026-04-05 17:06:15,8.76,93,Clouds
2026-04-05 17:44:18,7.76,100,Clouds
2026-04-05 18:02:41,7.76,100,Clouds
2026-04-05 18:58:00,8.76,100,Clouds
2026-04-05 19:30:40,8.76,100,Clouds
2026-04-05 19:56:23,8.76,100,Clouds
2026-04-05 20:23:03,8.76,100,Mist
2026-04-05 20:53:52,8.76,100,Mist
2026-04-05 21:18:33,9.76,100,Mist
2026-04-05 21:48:40,9.76,100,Rain
2026-04-05 22:02:58,9.76,100,Mist
2026-04-05 22:41:24,9.76,100,Mist
2026-04-05 23:03:45,9.76,100,Mist
2026-04-05 23:44:24,9.76,100,Mist
2026-04-06 00:02:48,9.76,100,Mist
2026-04-06 03:33:23,10.76,82,Mist
2026-04-06 07:10:40,17.04,21,Clouds
2026-04-06 08:44:48,15.16,17,Clouds
2026-04-06 09:51:38,13.46,15,Clouds
2026-04-06 10:43:19,9.89,13,Clouds
2026-04-06 11:34:10,9.89,13,Clouds
2026-04-06 12:07:50,9.16,13,Clouds
2026-04-06 13:42:22,8.15,12,Clear
2026-04-06 14:33:05,7.8,13,Clear
2026-04-06 15:25:48,7.8,13,Clear
2026-04-06 16:04:47,7.53,15,Clear
2026-04-06 17:00:56,7.21,16,Clear
2026-04-06 17:50:55,7.09,18,Clear
2026-04-06 18:36:46,0.76,75,Clear
2026-04-06 19:38:05,7.08,25,Clouds
2026-04-06 20:07:22,6.75,25,Clouds
2026-04-06 20:51:43,6.72,21,Clouds
2026-04-06 21:23:53,6.72,21,Clouds
2026-04-06 21:54:38,6.82,21,Clear
2026-04-06 22:21:38,6.82,21,Clear
2026-04-06 22:59:45,7.35,18,Clear
2026-04-06 23:34:06,7.35,18,Clear
2026-04-07 00:02:00,8.38,13,Clear
2026-04-07 03:16:10,10.72,13,Clear
2026-04-07 05:20:17,12.72,14,Clear
2026-04-07 06:48:26,12.76,30,Clear
2026-04-07 08:00:45,11.65,26,Clear
2026-04-07 09:07:18,10.86,31,Clear
2026-04-07 10:15:05,10.55,31,Clear
2026-04-07 11:14:33,10.05,31,Clear
2026-04-07 12:01:56,7.76,61,Clear
2026-04-07 13:45:41,6.76,70,Clear
2026-04-07 14:56:28,5.76,75,Clear
2026-04-07 16:06:04,2.76,81,Clear
2026-04-07 17:13:21,7.33,39,Clear
2026-04-07 18:08:16,7.11,43,Clear
2026-04-07 19:19:45,6.76,51,Clear
2026-04-07 20:02:43,6.65,52,Clear
2026-04-07 20:58:00,6.47,54,Clear
2026-04-07 21:39:03,6.61,54,Clear
2026-04-07 22:08:48,6.61,54,Clear
2026-04-07 22:55:25,7.4,50,Clear
2026-04-07 23:27:52,6.76,76,Clear
2026-04-08 00:00:31,8.44,45,Clear
2026-04-08 02:40:13,11.76,47,Clear
2026-04-08 05:01:14,12.76,44,Clear
2026-04-08 06:21:38,14.45,21,Clear
2026-04-08 07:55:20,14.76,31,Clear
2026-04-08 08:50:10,13.6,22,Clear
2026-04-08 09:52:38,12.95,24,Clear
2026-04-08 10:45:05,12.48,25,Clear
2026-04-08 11:40:09,11.77,27,Clear
2026-04-08 12:40:26,11.5,27,Clouds
2026-04-08 14:12:46,5.76,81,Clear
2026-04-08 15:43:14,5.76,93,Clear
2026-04-08 16:44:12,5.76,81,Clear
2026-04-08 17:46:17,7.76,61,Clear
2026-04-08 18:51:34,10.41,32,Clouds
2026-04-08 19:50:40,10.38,31,Rain
2026-04-08 20:27:09,8.76,61,Clear
2026-04-08 21:07:15,10.51,31,Clouds
2026-04-08 21:56:12,10.63,30,Clouds
2026-04-08 22:30:09,9.76,71,Clouds
2026-04-08 23:08:19,10.78,31,Clouds
2026-04-08 23:50:38,10.25,37,Clouds
2026-04-09 00:55:12,11.76,58,Rain
2026-04-09 03:41:10,8.26,74,Rain
2026-04-09 05:30:14,8.96,75,Rain
2026-04-09 06:55:52,9.76,100,Rain
2026-04-09 08:11:39,10.76,100,Rain
2026-04-09 09:39:16,11.76,100,Rain
2026-04-09 10:43:29,11.76,100,Rain
2026-04-09 11:36:52,9.94,90,Rain
2026-04-09 12:42:57,11.76,100,Rain
2026-04-09 14:24:19,11.76,100,Rain
2026-04-09 15:58:15,10.51,94,Rain
2026-04-09 17:03:44,10.53,94,Clouds
2026-04-09 18:04:11,10.63,94,Rain
2026-04-09 19:21:32,11.03,96,Rain
2026-04-09 20:09:26,10.94,96,Rain
2026-04-09 21:00:50,10.55,96,Rain
2026-04-09 21:49:18,9.69,95,Clouds
2026-04-09 22:27:00,9.76,100,Rain
2026-04-09 23:05:23,9.43,95,Rain
2026-04-09 23:49:32,9.76,100,Mist
2026-04-10 01:05:07,9.76,100,Drizzle
2026-04-10 04:12:26,12.57,70,Clouds
2026-04-10 06:06:30,11.6,72,Clouds
2026-04-10 07:56:04,11.3,72,Clouds
2026-04-10 08:59:11,10.5,76,Clouds
2026-04-10 10:07:10,9.88,78,Clouds
2026-04-10 11:09:00,9.76,93,Clouds
2026-04-10 11:57:21,8.9,84,Clouds
2026-04-10 12:56:34,8.76,100,Mist
2026-04-10 14:13:00,8.92,86,Clouds
2026-04-10 15:05:16,8.18,87,Clear
2026-04-10 16:02:49,8.76,100,Clouds
2026-04-10 16:58:38,7.84,90,Clouds
2026-04-10 17:45:02,7.76,100,Mist
2026-04-10 18:34:11,7.78,90,Clouds
2026-04-10 19:27:56,7.76,100,Clouds
2026-04-10 20:00:39,8.08,87,Clouds
2026-04-10 20:42:01,8.22,85,Clouds
2026-04-10 21:19:10,8.22,85,Clouds
2026-04-10 21:55:40,8.51,83,Clouds
2026-04-10 22:25:41,8.51,83,Clouds
2026-04-10 23:00:09,9.31,79,Clouds
2026-04-10 23:37:06,10.8,70,Clouds
2026-04-11 00:02:36,10.8,70,Clouds
2026-04-11 02:56:30,14.92,51,Clear
2026-04-11 04:49:12,13.76,72,Mist
2026-04-11 05:48:15,17.64,40,Clouds
2026-04-11 06:42:50,17.21,40,Clear
2026-04-11 07:37:45,16.75,36,Clouds
2026-04-11 08:07:04,16.8,37,Clouds
2026-04-11 08:57:37,16.54,28,Clouds
2026-04-11 09:35:16,15.44,21,Clouds
2026-04-11 10:06:02,8.76,100,Mist
2026-04-11 10:50:48,14.65,21,Clouds
2026-04-11 11:17:37,7.76,100,Mist
2026-04-11 11:46:17,14.07,21,Clouds
2026-04-11 12:01:36,14.07,21,Clouds
2026-04-11 13:11:40,13.17,33,Clouds
2026-04-11 14:00:28,6.76,100,Mist
2026-04-11 14:38:05,12.61,33,Clouds
2026-04-11 15:05:56,5.76,100,Mist
2026-04-11 15:43:46,11.77,34,Clouds
2026-04-11 16:03:00,11.77,34,Clouds
2026-04-11 16:49:38,11.34,36,Clouds
2026-04-11 17:19:16,4.76,100,Fog
2026-04-11 17:51:14,4.76,100,Fog
2026-04-11 18:22:22,3.76,100,Fog
2026-04-11 19:07:18,10.01,58,Clouds
2026-04-11 19:46:05,9.71,58,Clouds
2026-04-11 20:02:11,9.71,58,Clouds
2026-04-11 20:43:19,9.53,57,Clouds
2026-04-11 21:04:27,2.76,100,Fog
2026-04-11 21:43:49,4.76,100,Fog
2026-04-11 22:01:30,9.9,54,Clouds
2026-04-11 22:38:17,5.76,100,Fog
2026-04-11 23:03:55,5.76,100,Fog
2026-04-11 23:47:00,6.76,100,Fog
2026-04-12 01:07:41,14.81,27,Clouds
2026-04-12 04:16:39,20.6,28,Clouds
2026-04-12 07:26:05,23.34,23,Clouds
2026-04-12 08:10:05,23.7,19,Clouds
2026-04-12 09:02:41,22.33,19,Clouds
2026-04-12 09:53:07,20.15,23,Clouds
2026-04-12 10:25:49,15.76,44,Clear
2026-04-12 11:03:46,15.76,44,Clear
2026-04-12 11:41:36,17.67,27,Clouds
2026-04-12 12:01:48,17.72,28,Clouds
2026-04-12 13:14:55,16.77,40,Clouds
2026-04-12 14:04:21,16.11,31,Clouds
2026-04-12 14:51:35,9.76,71,Clear
2026-04-12 15:23:28,9.76,71,Clear
2026-04-12 15:54:44,9.76,71,Clear
2026-04-12 16:22:50,15.05,16,Clouds
2026-04-12 17:00:00,8.76,71,Clear
2026-04-12 17:36:01,7.76,71,Clear
2026-04-12 18:04:39,14.02,18,Clouds
2026-04-12 19:03:11,6.76,87,Clear
2026-04-12 19:42:47,13.31,19,Clear
2026-04-12 20:04:15,13.31,19,Clear
2026-04-12 20:48:25,12.94,20,Clear
2026-04-12 21:18:52,12.94,20,Clear
2026-04-12 21:52:15,5.76,93,Clear
2026-04-12 22:18:14,7.76,71,Clear
2026-04-12 22:56:31,14.84,18,Clear
2026-04-12 23:26:23,14.84,18,Clear
2026-04-12 23:57:41,16.5,17,Clear
2026-04-13 02:09:01,20.55,28,Clear
2026-04-13 05:22:07,26.08,21,Clear
2026-04-13 07:23:37,26.58,18,Clouds
2026-04-13 09:14:43,21.76,40,Clear
2026-04-13 10:55:46,21.68,26,Clouds
2026-04-13 11:58:39,15.76,55,Clear
2026-04-13 13:21:47,18.69,36,Clouds
2026-04-13 14:57:39,12.76,71,Clear
2026-04-13 16:08:41,18.26,40,Clouds
2026-04-13 17:17:06,17.76,44,Clouds
2026-04-13 18:17:38,11.76,87,Clear
2026-04-13 19:40:34,17.32,28,Clouds
2026-04-13 20:35:24,16.39,39,Clouds
2026-04-13 21:26:25,10.76,100,Clear
2026-04-13 22:06:51,16.54,41,Clouds
2026-04-13 22:58:38,17.64,40,Clouds
2026-04-13 23:39:46,18.51,37,Clouds
2026-04-14 01:08:38,20.38,38,Clouds
2026-04-14 04:16:22,24.77,24,Clouds
2026-04-14 06:11:33,26.3,22,Clouds
2026-04-14 08:02:28,26.03,23,Clouds
2026-04-14 09:42:40,23.17,24,Clouds
2026-04-14 10:48:48,20.47,31,Clouds
2026-04-14 11:44:03,19.35,34,Clouds
2026-04-14 12:45:11,14.76,47,Clear
2026-04-14 14:23:26,16.09,45,Clouds
2026-04-14 15:45:36,15.76,44,Clouds
2026-04-14 16:46:46,18.05,46,Clouds
2026-04-14 17:50:42,17.7,40,Clouds
2026-04-14 18:51:17,10.76,76,Clouds
2026-04-14 19:55:01,16.92,38,Clouds
2026-04-14 20:40:25,16.5,40,Clouds
2026-04-14 21:31:35,16.5,40,Clouds
2026-04-14 22:11:48,10.76,87,Clouds
2026-04-14 23:02:37,17.55,40,Clouds
2026-04-14 23:52:25,14.76,72,Clouds
2026-04-15 01:09:38,20.67,40,Clouds
2026-04-15 04:15:40,24.68,31,Clouds
2026-04-15 06:11:18,25.71,27,Clouds
2026-04-15 08:02:58,24.62,28,Clouds
2026-04-15 09:43:36,21.04,33,Clouds
2026-04-15 10:45:01,19.76,45,Clear
2026-04-15 11:39:55,18.91,46,Clear
2026-04-15 12:42:53,17.59,38,Clear
2026-04-15 14:13:54,12.76,82,Clear
2026-04-15 15:36:57,15.18,47,Clear
2026-04-15 16:38:16,15.16,38,Clear
2026-04-15 17:43:05,15.86,46,Clear
2026-04-15 18:45:58,15.28,49,Clear
2026-04-15 19:52:15,14.51,51,Clear
2026-04-15 20:32:55,14.51,51,Clear
2026-04-15 21:29:18,14.18,52,Clear
2026-04-15 22:09:28,14.29,51,Clear
2026-04-15 22:58:43,14.76,58,Clear
2026-04-15 23:39:47,16.42,41,Clouds
2026-04-16 01:10:36,18.55,33,Clouds
2026-04-16 04:22:39,24.18,23,Clouds
2026-04-16 06:15:22,26.76,19,Clear
2026-04-16 08:03:38,25.44,19,Clouds
2026-04-16 09:43:00,20.76,37,Clear
2026-04-16 10:47:17,18.76,42,Clear
2026-04-16 11:43:40,19.24,32,Clouds
2026-04-16 12:48:47,17.99,29,Clouds
2026-04-16 14:26:15,14.76,72,Clear
2026-04-16 16:00:36,13.76,67,Clear
2026-04-16 17:18:04,18.48,33,Clouds
2026-04-16 18:19:34,18.29,25,Clouds
2026-04-16 19:39:09,17.44,25,Clouds
2026-04-16 20:26:08,17.53,22,Clouds
2026-04-16 21:07:21,16.73,29,Clouds
2026-04-16 21:56:25,15.97,39,Clouds
2026-04-16 22:31:51,14.76,55,Clear
2026-04-16 23:11:13,15.13,42,Clouds
2026-04-16 23:56:25,16.87,39,Clouds
2026-04-17 01:48:00,16.67,43,Clouds
2026-04-17 04:36:48,19.76,49,Clear
2026-04-17 06:22:12,19.76,49,Clear
2026-04-17 08:07:47,20.73,38,Clouds
2026-04-17 09:43:51,17.76,48,Clear
2026-04-17 10:41:23,15.06,52,Clouds
2026-04-17 11:34:09,13.76,67,Clear
2026-04-17 12:38:17,12.82,57,Clear
2026-04-17 14:05:36,11.76,82,Clear
2026-04-17 15:07:24,11.47,59,Clear
2026-04-17 16:10:36,11.83,61,Clear
2026-04-17 17:05:14,10.76,93,Clear
2026-04-17 17:57:02,14.05,62,Clear
2026-04-17 18:49:26,8.76,100,Clear
2026-04-17 19:46:52,13.64,65,Clouds
2026-04-17 20:28:00,7.76,100,Clear
2026-04-17 21:08:18,13.39,66,Clouds
2026-04-17 21:56:54,13.84,63,Clouds
2026-04-17 22:31:01,13.84,63,Clouds
2026-04-17 23:08:43,9.76,100,Clear
2026-04-17 23:53:23,13.76,82,Clear
2026-04-18 01:04:49,18.69,48,Clouds
2026-04-18 03:52:14,24.56,30,Clouds
2026-04-18 05:26:23,25.2,30,Clouds
2026-04-18 06:42:48,27.4,25,Clouds
2026-04-18 07:44:32,25.76,29,Clear
2026-04-18 08:27:22,28.04,33,Clouds
2026-04-18 09:09:50,23.76,43,Clear
2026-04-18 09:59:01,19.76,56,Clear
2026-04-18 10:38:50,21.47,37,Clouds
2026-04-18 11:19:55,14.76,72,Clear
2026-04-18 11:52:14,14.76,72,Clear
2026-04-18 12:28:19,14.76,67,Clear
2026-04-18 13:39:12,19.59,51,Clouds
2026-04-18 14:22:28,13.76,77,Clear
2026-04-18 15:01:33,19.37,52,Clouds
2026-04-18 15:42:00,19,58,Clouds
2026-04-18 16:07:47,19,58,Clouds
2026-04-18 16:55:52,18.91,56,Clouds
2026-04-18 17:28:33,12.76,88,Clear
2026-04-18 18:00:25,12.76,88,Clear
2026-04-18 18:55:40,18.61,46,Clouds
2026-04-18 19:33:29,18.05,46,Clouds
2026-04-18 20:02:30,18.05,46,Clouds
2026-04-18 20:47:26,17.8,46,Clouds
2026-04-18 21:19:48,10.76,100,Clear
2026-04-18 21:52:14,18.21,43,Clouds
2026-04-18 22:18:15,18.21,43,Clouds
2026-04-18 22:56:29,19.35,40,Clouds
2026-04-18 23:26:34,16.76,77,Clear
2026-04-18 23:57:46,20.96,48,Clouds
2026-04-19 02:10:43,22.76,49,Clear
2026-04-19 05:10:26,27.87,26,Clouds
2026-04-19 06:52:27,28.13,23,Clouds
2026-04-19 07:57:52,27.76,26,Clear
2026-04-19 08:48:24,24.33,28,Clouds
2026-04-19 09:33:50,22.76,38,Clear
2026-04-19 10:10:07,18.76,48,Clear
2026-04-19 10:57:48,18.76,48,Clear
2026-04-19 11:31:59,20.29,43,Clouds
2026-04-19 11:59:37,20.44,38,Clear
2026-04-19 13:02:32,15.76,67,Clear
2026-04-19 14:01:35,17.14,43,Clear
2026-04-19 14:47:36,15.53,47,Clear
2026-04-19 15:24:37,15.3,50,Clear
2026-04-19 15:56:46,14.76,72,Clear
2026-04-19 16:30:32,12.76,82,Clear
2026-04-19 17:06:02,13.88,55,Clear
2026-04-19 17:49:01,16.69,46,Clouds
2026-04-19 18:26:22,16.69,46,Clouds
2026-04-19 19:11:57,16.03,49,Clouds
2026-04-19 19:51:45,15.6,51,Clouds
2026-04-19 20:20:37,15.6,51,Clouds
2026-04-19 20:56:53,10.76,93,Clear
2026-04-19 21:28:04,15.36,52,Clouds
2026-04-19 21:57:35,15,58,Clouds
2026-04-19 22:29:30,15,58,Clouds
2026-04-19 23:03:42,13.76,82,Clouds
2026-04-19 23:48:47,14.72,74,Clouds
2026-04-20 01:11:11,14.76,77,Clouds
2026-04-20 04:28:05,12.76,94,Clouds
2026-04-20 06:30:29,11.76,76,Clouds
2026-04-20 08:33:14,14.76,47,Clear
2026-04-20 10:17:54,11.76,35,Clear
2026-04-20 11:43:59,10.66,15,Clouds
2026-04-20 12:49:37,9.76,37,Clear
2026-04-20 14:24:51,8.76,61,Clear
2026-04-20 15:49:16,7.2,45,Clear
2026-04-20 16:47:15,7.76,66,Clear
2026-04-20 17:43:09,5.76,75,Clear
2026-04-20 18:41:14,3.76,81,Clear
2026-04-20 19:42:56,2.76,93,Clear
2026-04-20 20:26:00,9.22,50,Clear
2026-04-20 21:05:44,4.76,87,Clear
2026-04-20 21:57:13,9.6,51,Clear
2026-04-20 22:37:10,10.82,43,Clear
2026-04-20 23:24:18,10.82,43,Clear
2026-04-21 00:02:20,12.23,30,Clear
2026-04-21 03:32:34,18.05,25,Clouds
2026-04-21 05:39:56,17.83,23,Clouds
2026-04-21 07:13:01,16.06,26,Clouds
2026-04-21 09:01:04,14.38,34,Clouds
2026-04-21 10:20:15,13.15,42,Clouds
2026-04-21 11:34:11,12.66,50,Clouds
2026-04-21 12:43:02,12.41,49,Clouds
2026-04-21 14:19:17,12.29,50,Clouds
2026-04-21 15:45:33,8.76,93,Sand
2026-04-21 16:41:01,8.76,93,Sand
2026-04-21 17:39:25,11.77,52,Clouds
2026-04-21 18:42:21,11.82,47,Clouds
2026-04-21 19:48:28,9.76,76,Clear
2026-04-21 20:35:06,11.87,46,Clouds
2026-04-21 21:24:28,9.76,71,Clear
2026-04-21 22:03:11,12.2,43,Clouds
2026-04-21 22:50:22,12.49,40,Clouds
2026-04-21 23:23:43,12.49,40,Clouds
2026-04-21 23:54:58,13.37,35,Clouds
2026-04-22 01:13:07,14.55,25,Clouds
2026-04-22 04:17:13,18,23,Clouds
2026-04-22 06:12:04,19.14,21,Clouds
2026-04-22 08:04:38,19.58,22,Clouds
2026-04-22 09:45:31,17,24,Clouds
2026-04-22 10:51:08,16.07,28,Clouds
2026-04-22 11:46:01,15.41,34,Clouds
2026-04-22 12:46:28,15.37,36,Clouds
2026-04-22 14:22:16,9.76,76,Clear
2026-04-22 15:45:15,8.76,93,Clear
2026-04-22 16:42:14,13.99,43,Clouds
2026-04-22 17:40:05,8.76,93,Clear
2026-04-22 18:43:20,13.36,44,Clouds
2026-04-22 19:50:00,7.76,93,Clear
2026-04-22 20:38:35,12.67,44,Clouds
2026-04-22 21:31:46,12.67,44,Clouds
2026-04-22 22:11:59,8.76,81,Clear
2026-04-22 23:05:23,14.34,37,Clouds
2026-04-22 23:55:35,12.76,62,Clear
2026-04-23 01:27:21,17.76,39,Clear
2026-04-23 04:28:47,21.28,21,Clouds
2026-04-23 06:22:48,23.76,19,Clear
2026-04-23 08:13:57,22.76,18,Clear
2026-04-23 09:56:22,20.76,24,Clear
2026-04-23 11:01:03,18.26,22,Clouds
2026-04-23 12:00:27,18.78,22,Clouds
2026-04-23 13:49:36,16.76,27,Clear
2026-04-23 15:28:09,13.76,33,Clear
2026-04-23 16:58:18,11.76,47,Clear
2026-04-23 18:03:38,11.76,40,Clear
2026-04-23 19:25:52,7.76,76,Clear
2026-04-23 20:29:31,6.76,76,Clear
2026-04-23 21:12:24,5.76,87,Clear
2026-04-23 22:00:22,5.76,87,Clear
2026-04-23 22:49:54,9.76,76,Clear
2026-04-23 23:31:37,14.76,44,Clear
2026-04-24 00:09:27,17.76,34,Clear
2026-04-24 03:47:02,22.76,23,Clear
2026-04-24 05:57:39,24.76,19,Clear
2026-04-24 07:54:16,24.76,22,Clear
2026-04-24 09:19:34,21.76,28,Clear
2026-04-24 10:47:05,17.76,29,Clear
2026-04-24 11:46:09,14.76,41,Clear
2026-04-24 12:45:14,11.76,54,Clear
2026-04-24 14:18:51,12.76,58,Clear
2026-04-24 15:40:16,9.76,71,Clear
2026-04-24 16:36:10,8.76,81,Clear
2026-04-24 17:32:31,8.76,81,Clear
2026-04-24 18:07:04,8.76,81,Clear
2026-04-24 19:09:29,8.76,87,Clear
2026-04-24 19:58:06,7.76,100,Clear
2026-04-24 20:41:55,6.76,87,Clear
2026-04-24 21:31:56,7.76,87,Clear
2026-04-24 22:10:30,11.76,76,Clear
2026-04-24 22:56:10,11.76,76,Clear
2026-04-24 23:32:22,15.76,55,Clear
2026-04-25 00:07:06,15.76,55,Clear
2026-04-25 03:28:23,23.76,25,Clear
2026-04-25 05:26:20,24.76,18,Clear
2026-04-25 06:48:47,23.76,20,Clear
2026-04-25 07:55:29,23.76,20,Clear
2026-04-25 08:40:27,21.76,24,Clear
2026-04-25 09:34:18,19.76,32,Clear
2026-04-25 10:24:24,17.76,36,Clear
2026-04-25 11:07:54,17.76,36,Clear
2026-04-25 11:50:09,15.76,48,Clear
2026-04-25 12:30:32,11.76,66,Clear
2026-04-25 13:43:45,12.76,67,Clear
2026-04-25 14:28:17,10.76,82,Clear
2026-04-25 15:07:07,10.76,82,Clear
2026-04-25 15:52:42,8.76,87,Clear
2026-04-25 16:25:16,8.76,93,Clear
2026-04-25 17:04:55,8.76,93,Clear
2026-04-25 17:51:01,8.76,100,Clear
2026-04-25 18:29:02,7.76,93,Clear
2026-04-25 19:25:04,7.76,100,Clear
2026-04-25 19:58:01,7.76,100,Clear
2026-04-25 20:34:02,5.76,100,Clear
2026-04-25 21:07:23,5.76,100,Clear
2026-04-25 21:50:04,6.76,100,Clear
2026-04-25 22:19:16,10.76,87,Clear
2026-04-25 22:58:36,10.76,87,Clear
2026-04-25 23:35:13,14.76,58,Clear
2026-04-26 00:05:53,14.76,58,Clear
2026-04-26 03:50:35,22.76,23,Clear
2026-04-26 05:57:58,22.76,20,Clear
2026-04-26 07:22:50,21.76,21,Clear
2026-04-26 08:40:17,20.76,23,Clear
2026-04-26 09:35:13,19.76,24,Clear
2026-04-26 10:25:24,16.76,31,Clear
2026-04-26 11:07:41,14.76,38,Clear
2026-04-26 11:51:35,14.76,38,Clear
2026-04-26 12:32:22,14.76,36,Clear
2026-04-26 13:47:26,13.76,44,Clear
2026-04-26 14:30:28,12.76,50,Clear
2026-04-26 15:09:15,12.76,50,Clear
2026-04-26 15:54:33,12.76,54,Clear
2026-04-26 16:26:54,10.76,66,Clear
2026-04-26 17:07:06,10.76,66,Clear
2026-04-26 17:53:54,9.76,76,Clear
2026-04-26 18:31:06,10.76,71,Clear
2026-04-26 19:28:43,11.76,71,Clear
2026-04-26 20:02:00,11.76,71,Clear
2026-04-26 20:49:48,11.76,76,Clear
2026-04-26 21:23:08,11.76,76,Clear
2026-04-26 21:56:46,11.76,76,Clear
2026-04-26 22:30:03,12.76,76,Clear
2026-04-26 23:06:37,12.76,76,Clear
2026-04-26 23:52:18,16.76,55,Clear
2026-04-27 01:16:45,17.59,41,Clouds
2026-04-27 04:41:30,19.76,37,Clear
2026-04-27 07:19:28,17.76,32,Rain
2026-04-27 09:32:04,12.76,67,Rain
2026-04-27 11:22:51,11.76,87,Clouds
2026-04-27 12:55:30,10.76,100,Rain
2026-04-27 14:55:07,11.76,94,Clouds
2026-04-27 16:16:42,12.76,71,Clouds
2026-04-27 17:42:41,11.76,100,Mist
2026-04-27 18:54:55,11.76,94,Mist
2026-04-27 20:02:13,10.76,100,Mist
2026-04-27 21:10:17,10.76,93,Mist
2026-04-27 22:04:33,10.76,93,Mist
2026-04-27 23:01:25,11.76,87,Mist
2026-04-27 23:57:36,11.76,87,Mist
2026-04-28 02:28:53,13.76,67,Clouds
2026-04-28 05:43:27,14.76,63,Clouds
2026-04-28 07:55:38,15.76,55,Clouds
2026-04-28 10:04:48,14.76,58,Clear
2026-04-28 11:56:16,12.76,67,Clear
2026-04-28 13:28:43,11.76,76,Clear
2026-04-28 15:42:24,9.76,93,Clear
2026-04-28 17:19:24,8.76,100,Clear
2026-04-28 18:54:37,7.76,93,Clear
2026-04-28 20:08:17,7.76,93,Clear
2026-04-28 21:16:21,6.76,100,Clear
2026-04-28 22:12:03,8.76,100,Clear
2026-04-28 23:08:33,12.76,76,Clear
2026-04-29 00:03:37,12.76,76,Clear
2026-04-29 03:55:01,18.76,37,Clear
2026-04-29 06:14:44,20.76,26,Clear
2026-04-29 08:33:24,18.76,34,Clear
2026-04-29 10:27:07,14.76,36,Clear
2026-04-29 11:57:35,12.76,47,Clear
2026-04-29 13:44:33,11.76,66,Clear
2026-04-29 15:33:54,10.76,82,Clear
2026-04-29 17:07:27,10.76,87,Clear
2026-04-29 18:22:22,14.63,36,Clouds
2026-04-29 19:56:23,9.76,93,Clear
2026-04-29 20:53:51,9.76,93,Clouds
2026-04-29 21:46:53,8.76,100,Clouds
2026-04-29 22:39:44,11.76,94,Clear
2026-04-29 23:33:32,14.76,67,Clear
2026-04-30 01:17:48,18.76,39,Clear
2026-04-30 04:44:00,22.76,25,Clouds
2026-04-30 07:13:41,21.76,30,Clouds
2026-04-30 09:25:05,17.76,32,Clear
2026-04-30 11:11:39,15.76,39,Clear
2026-04-30 12:51:13,15.76,41,Clear
2026-04-30 14:54:08,14.76,51,Clear
2026-04-30 16:09:33,14.76,51,Clear
2026-04-30 17:41:37,13.76,54,Clear
2026-04-30 18:55:57,13.76,47,Clear
2026-04-30 20:04:33,12.76,62,Clear
2026-04-30 21:11:51,12.76,76,Clear
2026-04-30 22:07:50,12.76,71,Clear
2026-04-30 23:05:07,12.76,67,Clear
2026-04-30 23:59:35,14.76,55,Clear
2026-05-01 03:23:06,20.76,40,Clear
2026-05-01 06:24:21,21.76,37,Clear
2026-05-01 08:26:46,21.76,35,Clear
2026-05-01 10:01:31,18.76,42,Clear
2026-05-01 11:11:46,16.76,51,Clear
2026-05-01 12:05:28,16.76,51,Clear
2026-05-01 13:48:59,14.76,67,Clouds
2026-05-01 14:40:59,14.76,67,Clouds
2026-05-01 15:36:55,12.76,76,Haze
2026-05-01 16:33:49,12.76,82,Haze
2026-05-01 17:33:49,12.76,82,Haze
2026-05-01 18:41:12,9.76,93,Mist
2026-05-01 19:49:27,10.76,93,Mist
2026-05-01 20:36:14,9.76,100,Mist
2026-05-01 21:29:38,10.76,93,Mist
2026-05-01 22:11:55,13.76,88,Mist
2026-05-01 23:06:01,13.76,88,Mist
2026-05-01 23:59:31,15.76,77,Mist
2026-05-02 02:41:45,18.76,63,Haze
2026-05-02 05:24:40,20.76,64,Haze
2026-05-02 07:10:08,19.76,68,Haze
2026-05-02 08:42:18,18.76,68,Haze
2026-05-02 09:45:05,17.76,68,Haze
2026-05-02 10:33:58,16.76,67,Haze
2026-05-02 11:24:59,16.76,67,Clouds
2026-05-02 12:03:27,16.76,67,Haze
2026-05-02 13:40:04,14.76,82,Rain
2026-05-02 14:31:31,14.76,82,Rain
2026-05-02 15:11:56,14.76,82,Rain
2026-05-02 15:59:43,13.76,100,Rain
2026-05-02 16:49:35,13.76,100,Rain
2026-05-02 17:32:51,12.76,100,Rain
2026-05-02 18:29:36,12.76,100,Rain
2026-05-02 19:34:01,12.76,100,Rain
2026-05-02 20:06:05,12.76,100,Rain
2026-05-02 20:54:41,11.76,100,Rain
2026-05-02 21:27:32,11.76,100,Rain
2026-05-02 22:04:43,11.76,100,Rain
2026-05-02 22:55:30,11.76,100,Rain
2026-05-02 23:32:28,11.76,100,Rain
2026-05-03 00:09:45,12.76,100,Rain
2026-05-03 04:07:48,12.76,100,Mist
2026-05-03 06:35:08,15.76,77,Mist
2026-05-03 08:20:57,12.76,94,Clouds
2026-05-03 09:41:04,12.76,94,Mist
2026-05-03 10:35:36,12.76,94,Mist
2026-05-03 11:22:50,11.76,100,Mist
2026-05-03 12:00:21,11.76,100,Mist
2026-05-03 13:15:31,12.76,94,Rain
2026-05-03 14:15:01,11.76,100,Rain
2026-05-03 15:05:57,11.76,100,Rain
2026-05-03 15:57:21,10.76,100,Rain
2026-05-03 16:40:48,9.76,93,Rain
2026-05-03 17:30:28,9.76,87,Mist
2026-05-03 18:11:12,9.76,81,Rain
2026-05-03 19:16:11,8.76,81,Rain
2026-05-03 20:00:09,8.76,81,Clear
2026-05-03 20:45:56,8.76,81,Clear
2026-05-03 21:27:16,8.76,87,Clear
2026-05-03 22:06:06,8.76,87,Clear
2026-05-03 22:57:55,10.76,82,Clear
2026-05-03 23:39:39,12.76,71,Clear
2026-05-04 01:18:45,16.76,51,Clear
2026-05-04 04:50:29,19.76,30,Clear
2026-05-04 07:39:26,18.76,37,Clear
2026-05-04 09:58:52,17.76,36,Clear
2026-05-04 11:46:43,14.76,41,Clear
2026-05-04 13:12:38,9.76,71,Clear
2026-05-04 15:19:10,8.76,87,Clear
2026-05-04 17:02:27,8.76,100,Clear
2026-05-04 18:21:59,7.76,100,Clear
2026-05-04 19:58:32,5.76,100,Clear
2026-05-04 21:06:02,7.76,100,Clear
2026-05-04 22:11:26,7.76,100,Clear
2026-05-04 23:08:47,10.76,100,Clear
2026-05-05 00:04:14,12.76,82,Clear
2026-05-05 03:40:46,19.76,30,Clear
2026-05-05 06:03:05,20.76,26,Clear
2026-05-05 08:22:27,18.76,27,Clear
2026-05-05 10:13:28,15.76,29,Clear
2026-05-05 11:37:36,13.76,47,Clear
2026-05-05 12:49:28,10.76,58,Clear
2026-05-05 16:15:23,8.76,71,Clear
2026-05-05 17:50:26,9.76,76,Clear
2026-05-05 18:57:39,8.76,76,Clear
2026-05-05 20:03:18,8.76,81,Clouds
2026-05-05 21:10:31,7.76,87,Clouds
2026-05-05 22:14:03,7.76,87,Clouds
2026-05-05 23:10:49,12.76,71,Clouds
2026-05-06 00:00:13,15.76,55,Clouds
2026-05-06 03:21:51,21.76,46,Clear
2026-05-06 06:15:10,22.76,40,Clear
2026-05-06 10:35:35,18.76,45,Clear
2026-05-06 12:16:34,16.76,55,Clear
2026-05-06 14:48:30,15.76,63,Clear
2026-05-06 16:19:24,14.76,63,Clear
2026-05-06 17:53:53,12.76,71,Clear
2026-05-06 19:14:33,11.76,76,Clear
2026-05-06 20:46:00,11.76,76,Clear
2026-05-06 21:45:43,10.76,87,Clear
2026-05-06 22:31:30,14.76,77,Clear
2026-05-06 23:28:12,16.76,59,Clear
2026-05-07 00:10:27,16.76,59,Clear
2026-05-07 04:00:46,19.76,64,Clouds
2026-05-07 06:38:39,14.76,100,Rain
2026-05-07 09:14:21,13.76,100,Rain
2026-05-07 11:18:30,12.76,100,Clouds
2026-05-07 13:04:09,13.76,100,Clouds
2026-05-07 15:30:32,11.76,100,Clouds
2026-05-07 17:16:01,10.76,100,Clear
2026-05-07 18:59:24,9.76,100,Mist
2026-05-07 20:13:43,9.76,93,Clear
2026-05-07 21:14:20,9.76,87,Clear
2026-05-07 22:15:40,12.76,71,Clear
2026-05-07 23:11:22,12.76,71,Clear
2026-05-08 00:04:01,13.76,62,Clear
2026-05-08 03:46:55,17.76,45,Clear
2026-05-08 05:47:45,20.76,24,Clear
2026-05-08 07:09:26,20.76,24,Clear
2026-05-08 08:46:35,19.76,30,Clear
2026-05-08 10:08:22,18.76,32,Clear
2026-05-08 11:42:24,15.76,44,Clear
2026-05-08 12:58:25,14.76,51,Clear
2026-05-08 14:49:01,12.76,58,Clear
2026-05-08 16:03:47,9.76,81,Clear
2026-05-08 17:39:53,9.76,66,Clear
2026-05-08 18:55:01,7.76,81,Clear
2026-05-08 20:01:20,7.76,87,Clear
2026-05-08 21:06:47,6.76,100,Clear
2026-05-08 22:08:15,6.76,100,Clear
2026-05-08 23:06:51,15.76,55,Clear
2026-05-09 00:05:53,17.76,39,Clear
2026-05-09 03:50:19,20.76,28,Clear
2026-05-09 06:05:55,20.76,28,Clear
2026-05-09 08:06:34,20.76,26,Clear
2026-05-09 09:40:42,19.76,24,Clear
2026-05-09 10:34:40,16.76,45,Clear
2026-05-09 11:27:34,14.76,41,Clear
2026-05-09 12:07:24,14.76,41,Clear
2026-05-09 13:47:13,11.76,54,Clear
2026-05-09 14:37:50,10.76,66,Clear
2026-05-09 15:32:26,10.76,62,Clear
2026-05-09 16:29:25,9.76,93,Clear
2026-05-09 17:27:45,8.76,100,Clear
2026-05-09 18:11:22,8.76,100,Clear
2026-05-09 19:20:27,7.76,100,Clear
2026-05-09 20:03:34,7.76,100,Clear
2026-05-09 20:55:48,7.76,100,Clear
2026-05-09 21:33:30,8.76,93,Clear
2026-05-09 22:10:29,11.76,87,Clear
2026-05-09 23:02:07,11.76,87,Clear
2026-05-09 23:56:00,16.76,48,Clear
2026-05-10 01:55:46,19.76,37,Clear
2026-05-10 05:28:46,22.76,21,Clear
2026-05-10 07:38:08,22.76,21,Clear
2026-05-10 09:15:07,19.76,28,Clear
2026-05-10 10:37:25,18.76,32,Clear
2026-05-10 11:29:19,15.76,55,Clear
2026-05-10 12:08:41,14.76,63,Clear
2026-05-10 13:51:31,12.76,71,Clear
2026-05-10 14:40:57,11.76,76,Clear
2026-05-10 15:35:23,13.76,77,Clear
2026-05-10 16:31:20,11.76,82,Clear
2026-05-10 17:29:51,9.76,100,Clouds
2026-05-10 18:30:42,10.76,100,Clear
2026-05-10 19:39:57,12.76,82,Clear
2026-05-10 20:25:42,12.76,88,Clouds
2026-05-10 21:09:21,13.76,82,Clouds
2026-05-10 22:00:06,13.76,82,Clouds
2026-05-10 22:50:33,15.76,77,Clouds
2026-05-10 23:36:43,16.76,67,Clouds
2026-05-11 01:27:31,18.76,68,Clouds
2026-05-11 05:12:14,18.76,94,Clouds
2026-05-11 08:35:07,18.76,88,Clouds
2026-05-11 11:44:11,17.76,88,Clouds
2026-05-11 16:40:39,13.76,100,Clouds
2026-05-11 18:22:02,15.76,100,Mist
2026-05-11 20:08:36,14.76,100,Mist
2026-05-11 21:38:19,15.76,100,Mist
2026-05-11 22:35:43,15.76,100,Mist
2026-05-11 23:33:17,16.76,100,Mist
2026-05-12 01:17:43,18.76,82,Clouds
2026-05-12 04:48:50,21.76,64,Clouds
2026-05-12 07:31:56,23.76,53,Clouds
2026-05-12 10:05:51,21.76,64,Clouds
2026-05-12 12:05:39,17.76,68,Clear
2026-05-12 14:44:46,13.76,100,Clear
2026-05-12 16:56:31,12.76,100,Clear
2026-05-12 18:50:51,12.76,100,Clear
2026-05-12 20:21:01,10.76,100,Fog
2026-05-12 21:43:25,11.76,100,Clouds
2026-05-12 22:44:33,14.76,100,Clear
2026-05-12 23:41:10,17.76,82,Clear
2026-05-13 01:26:31,22.76,56,Clear
2026-05-13 05:03:05,24.76,47,Clouds
2026-05-13 07:56:08,22.76,53,Clear
2026-05-13 10:13:03,18.76,72,Clear
2026-05-13 12:23:18,16.76,77,Clear
2026-05-13 15:18:28,13.76,100,Clear
2026-05-13 17:25:09,12.76,100,Clear
2026-05-13 19:12:55,12.76,100,Clouds
2026-05-13 20:54:14,12.76,100,Mist
2026-05-13 22:01:27,12.76,100,Clouds
2026-05-13 23:08:48,15.76,100,Clear
2026-05-14 00:12:36,21.76,64,Clear
2026-05-14 04:11:06,27.76,39,Clear
2026-05-14 06:52:09,31.76,27,Clear
2026-05-14 09:24:05,26.76,47,Clear
2026-05-14 11:23:19,23.76,60,Clear
2026-05-14 13:09:55,21.76,64,Clear
2026-05-14 15:29:06,19.76,83,Clear
2026-05-14 17:18:40,18.76,77,Clear
2026-05-14 19:11:04,15.76,94,Clear
2026-05-14 20:42:37,15.76,94,Mist
2026-05-14 21:48:40,14.76,100,Mist
2026-05-14 22:43:32,19.76,77,Clear
2026-05-14 23:36:07,22.76,60,Clear
2026-05-15 01:25:28,26.76,39,Clear
2026-05-15 05:04:23,29.76,35,Clear
2026-05-15 08:09:37,26.76,47,Clear
2026-05-15 10:35:32,22.76,60,Clear
2026-05-15 12:18:13,19.76,68,Clear
2026-05-15 14:37:31,18.76,77,Clear
2026-05-15 16:20:41,16.76,94,Clear
2026-05-15 17:54:56,15.76,100,Clear
2026-05-15 19:11:02,14.76,100,Clear
2026-05-15 20:22:10,13.76,100,Clear
2026-05-15 21:30:44,13.76,100,Clear
2026-05-15 22:30:24,18.76,88,Clear
2026-05-15 23:28:42,21.76,68,Clear
2026-05-16 00:14:07,23.76,60,Clear
2026-05-16 04:01:48,28.76,34,Clear
2026-05-16 06:26:09,28.76,37,Clear
2026-05-16 08:21:27,26.76,39,Clear
2026-05-16 09:52:50,24.76,38,Clear
2026-05-16 10:49:52,21.76,53,Clear
2026-05-16 11:38:57,19.76,60,Clear
2026-05-16 12:42:00,17.76,68,Clear
2026-05-16 14:08:13,16.76,77,Clear
2026-05-16 15:12:05,16.76,77,Clear
2026-05-16 16:07:44,15.76,88,Clear
2026-05-16 17:11:34,13.76,100,Clear
2026-05-16 18:04:16,13.76,100,Clear
2026-05-16 19:19:02,12.76,100,Clear
2026-05-16 20:07:40,12.76,100,Clear
2026-05-16 21:00:51,12.76,100,Clear
2026-05-16 21:53:38,13.76,94,Clear
2026-05-16 22:32:15,17.76,82,Clear
2026-05-16 23:29:37,20.76,64,Clear
2026-05-17 01:23:57,24.76,47,Clear
2026-05-17 05:01:56,28.76,32,Clear
2026-05-17 07:36:00,27.76,28,Clear
2026-05-17 09:21:43,24.76,36,Clear
2026-05-17 10:42:59,22.76,40,Clear
2026-05-17 11:43:11,19.76,56,Clear
2026-05-17 12:39:02,18.76,59,Clear
2026-05-17 14:07:37,16.76,72,Clear
2026-05-17 15:12:37,15.76,77,Clear
2026-05-17 16:09:03,15.76,77,Clear
2026-05-17 17:10:37,12.76,100,Clear
2026-05-17 18:07:42,12.76,100,Clear
2026-05-17 19:23:31,13.76,100,Clear
2026-05-17 20:10:32,13.76,100,Clear
2026-05-17 21:06:57,11.76,100,Clear
2026-05-17 22:03:17,12.76,100,Clear
2026-05-17 23:01:13,17.76,77,Clear
2026-05-18 00:00:30,21.76,53,Clear
2026-05-18 03:55:41,29.76,26,Clear
2026-05-18 07:53:20,28.76,23,Clear
2026-05-18 11:33:29,20.76,46,Clear
2026-05-18 14:42:33,19.76,52,Clear
2026-05-18 17:19:07,18.76,55,Clear
2026-05-18 19:04:39,18.76,59,Clear
2026-05-18 20:41:28,17.76,68,Clear
2026-05-18 21:49:50,18.76,72,Clear
2026-05-18 22:42:20,19.76,73,Clear
2026-05-18 23:44:06,22.76,56,Clear
2026-05-19 01:34:20,23.76,50,Clear
2026-05-19 05:45:20,22.76,56,Clear
2026-05-19 08:47:00,22.76,60,Clear
2026-05-19 11:46:00,20.76,68,Clear
2026-05-19 14:16:28,19.76,73,Clear
2026-05-19 17:14:45,20.76,68,Clear
2026-05-19 19:17:06,18.76,88,Clouds
2026-05-19 20:51:48,18.76,82,Clouds
2026-05-19 22:01:11,18.76,94,Rain
2026-05-19 23:06:43,16.76,94,Rain
2026-05-20 00:15:28,17.76,88,Rain
2026-05-20 04:36:40,15.76,100,Rain
2026-05-20 08:02:33,15.76,100,Rain
2026-05-20 11:13:48,15.76,100,Rain
2026-05-20 13:45:27,15.76,100,Rain
2026-05-20 16:37:37,15.76,100,Rain
2026-05-20 19:02:32,15.76,100,Rain
2026-05-20 21:03:39,15.76,100,Rain
2026-05-20 22:38:41,16.76,94,Clouds
2026-05-20 23:51:10,16.76,100,Mist
2026-05-21 01:49:27,17.76,94,Drizzle
2026-05-21 05:55:17,18.76,88,Mist
2026-05-21 08:51:55,21.76,68,Clouds
2026-05-21 11:55:43,18.76,77,Clear
2026-05-21 14:38:19,17.76,77,Clear
2026-05-21 17:19:07,14.76,94,Clear
2026-05-21 19:19:42,13.76,94,Clear
2026-05-21 20:58:43,12.76,100,Clear
2026-05-21 22:17:42,12.76,100,Clear
2026-05-21 23:18:17,18.76,63,Clear
2026-05-22 00:16:51,20.76,52,Clear
2026-05-22 04:36:46,25.76,36,Clear
2026-05-22 07:59:58,26.76,32,Clear
2026-05-22 10:51:40,24.76,33,Clear
2026-05-22 13:16:41,21.76,33,Clear
2026-05-22 15:58:17,18.76,48,Clear
2026-05-22 17:48:21,19.76,45,Clear
2026-05-22 19:17:21,17.76,59,Clear
2026-05-22 20:48:42,17.76,63,Clear
2026-05-22 21:50:12,16.76,67,Clear
2026-05-22 22:43:48,17.76,63,Clear
2026-05-22 23:46:09,16.76,67,Rain
2026-05-23 01:26:57,17.76,68,Rain
2026-05-23 04:57:19,22.76,49,Clear
2026-05-23 07:26:44,23.76,43,Clear
2026-05-23 09:18:00,21.76,64,Clear
2026-05-23 10:45:00,19.76,73,Clear
2026-05-23 11:46:06,18.76,77,Clear
2026-05-23 12:43:04,17.76,88,Clear
2026-05-23 14:13:58,15.76,100,Clouds
2026-05-23 15:19:14,15.76,100,Clouds
2026-05-23 16:14:47,14.76,100,Clouds
2026-05-23 17:16:42,14.76,100,Clear
2026-05-23 19:35:54,13.76,100,Clear
2026-05-23 20:27:35,13.76,100,Clouds
2026-05-23 21:13:27,13.76,100,Clear
2026-05-23 22:07:50,13.76,100,Mist
2026-05-23 23:05:31,15.76,100,Mist
2026-05-24 00:05:55,18.76,77,Clear
2026-05-24 04:24:20,26.76,44,Clear
2026-05-24 07:33:39,28.76,42,Clear
2026-05-24 09:29:05,25.76,61,Clear
2026-05-24 10:53:42,22.76,68,Clear
2026-05-24 11:55:01,20.76,73,Clear
2026-05-24 12:53:19,19.76,77,Clear
2026-05-24 14:17:19,18.76,94,Clear
2026-05-24 15:35:06,17.76,100,Clear
2026-05-24 16:36:07,16.76,100,Clear
2026-05-24 17:34:12,16.76,100,Clear
2026-05-24 18:42:10,16.76,100,Clear
2026-05-24 19:49:34,16.76,100,Clear
2026-05-24 20:38:02,15.76,100,Clear
2026-05-24 21:34:40,15.76,100,Clouds
2026-05-24 22:34:02,19.76,94,Clear
2026-05-24 23:35:53,22.76,73,Clear
2026-05-25 01:33:58,26.76,54,Clear
2026-05-25 06:03:53,29.76,45,Clear
2026-05-25 10:41:31,25.76,69,Clear
2026-05-25 13:47:38,22.76,88,Clear
2026-05-25 16:09:41,20.76,100,Clouds
2026-05-25 17:51:58,20.76,100,Clouds
2026-05-25 19:08:36,20.76,100,Clouds
2026-05-25 20:40:33,21.76,100,Clouds
2026-05-25 21:48:30,20.76,100,Clear
2026-05-25 22:44:02,22.76,94,Clear
2026-05-25 23:44:57,23.76,83,Clear
2026-05-26 01:29:46,26.76,65,Clear
2026-05-26 05:38:55,28.76,58,Clear
2026-05-26 08:51:17,26.76,83,Rain
2026-05-26 14:25:16,21.76,100,Rain
2026-05-26 17:39:02,21.76,100,Mist
2026-05-26 19:36:00,22.76,94,Rain
2026-05-26 21:14:45,20.76,100,Rain
2026-05-26 22:39:17,19.76,100,Rain
2026-05-26 23:44:40,19.76,100,Clouds
2026-05-27 01:51:39,22.76,83,Clouds
2026-05-27 06:03:05,24.76,73,Clouds
2026-05-27 10:12:30,20.76,100,Clouds
2026-05-27 13:46:51,19.76,100,Drizzle
2026-05-27 16:51:42,18.76,100,Clouds
2026-05-27 19:08:22,17.76,100,Drizzle
2026-05-27 21:06:41,17.76,100,Mist
2026-05-27 22:47:24,18.76,100,Mist
2026-05-27 23:48:44,18.76,100,Mist
2026-05-28 01:26:14,20.76,94,Mist
2026-05-28 05:41:31,25.76,73,Clouds
2026-05-28 09:02:17,24.76,73,Clouds
2026-05-28 12:36:33,17.76,100,Clouds
2026-05-28 16:40:08,15.76,100,Mist
2026-05-28 19:16:41,14.76,100,Mist
2026-05-28 21:21:10,15.76,100,Fog
2026-05-28 22:47:26,17.76,100,Mist
2026-05-28 23:55:09,20.76,88,Mist
2026-05-29 01:56:58,23.76,69,Haze
2026-05-29 06:06:47,25.76,53,Clear
2026-05-29 10:11:50,23.76,43,Clear
2026-05-29 13:31:56,18.76,77,Clear
2026-05-29 16:57:03,14.76,100,Clear
2026-05-29 19:28:55,12.76,100,Clear
2026-05-29 21:21:14,13.76,100,Mist
2026-05-29 22:44:41,17.76,88,Clear
2026-05-29 23:53:20,19.76,77,Clear
2026-05-30 01:44:40,23.76,60,Clear
2026-05-30 05:33:59,27.76,44,Clear
2026-05-30 08:03:42,26.76,47,Clear
2026-05-30 10:08:36,25.76,53,Clear
2026-05-30 11:41:29,21.76,64,Clear
2026-05-30 12:47:56,19.76,73,Clear
2026-05-30 14:18:25,18.76,88,Clear
2026-05-30 15:38:42,17.76,94,Clear
2026-05-30 16:37:26,16.76,94,Clear
2026-05-30 17:40:38,15.76,100,Clear
2026-05-30 18:44:42,15.76,100,Clear
2026-05-30 19:54:03,15.76,100,Clear
2026-05-30 20:40:26,15.76,100,Clear
2026-05-30 21:38:40,15.76,100,Clear
2026-05-30 22:35:32,20.76,78,Clear
2026-05-30 23:36:14,23.76,64,Clear
2026-05-31 01:35:56,27.76,44,Clear
2026-05-31 05:58:33,30.76,29,Clear
2026-05-31 08:41:36,28.76,23,Clear
2026-05-31 10:34:21,26.76,29,Clear
2026-05-31 12:01:41,23.76,46,Clear
2026-05-31 13:57:34,19.76,68,Clear
2026-05-31 15:14:43,17.76,68,Clear
2026-05-31 16:36:06,16.76,72,Clear
2026-05-31 17:40:48,16.76,82,Clear
2026-05-31 18:48:41,15.76,94,Clear
2026-05-31 19:55:56,14.76,100,Clear
2026-05-31 20:47:44,14.76,100,Clear
2026-05-31 21:41:48,15.76,100,Clear
2026-05-31 22:38:53,17.76,94,Clear
2026-05-31 23:41:33,20.76,68,Clear
2026-06-01 01:58:22,26.76,41,Clear
2026-06-01 06:51:44,25.76,41,Clear
2026-06-01 12:25:18,19.76,64,Clear
2026-06-01 18:19:57,16.76,100,Clear
2026-06-01 21:44:08,15.76,100,Clear
2026-06-01 23:15:57,21.76,64,Clear
2026-06-02 01:36:49,26.76,47,Clear
2026-06-02 06:17:47,31.76,43,Clear
2026-06-02 10:55:52,28.76,51,Clear
2026-06-02 14:41:39,21.76,83,Clear
2026-06-02 18:23:33,22.52,61,Clear
2026-06-02 21:26:02,21.91,61,Clouds
2026-06-02 23:12:44,24.09,46,Clouds
2026-06-03 01:46:03,29.23,27,Clouds
2026-06-03 06:31:31,29.97,27,Clouds
2026-06-03 11:27:43,25.29,52,Clouds
2026-06-03 15:57:40,23.63,59,Clouds
2026-06-03 19:43:49,21.99,68,Clouds
2026-06-03 22:15:15,22.37,69,Clouds
2026-06-04 00:01:11,25.02,59,Clouds
2026-06-04 04:27:01,27.8,51,Clouds
2026-06-04 08:37:08,24.18,65,Clouds
2026-06-04 11:36:01,21.18,76,Rain
2026-06-04 14:14:59,20.41,85,Clouds
2026-06-04 17:22:19,19.37,84,Clouds
2026-06-04 19:33:12,17.56,82,Clear
2026-06-04 21:13:41,17.18,80,Clouds
2026-06-04 22:44:27,18.26,69,Clouds
2026-06-04 23:50:18,19.6,58,Clouds
2026-06-05 01:54:40,23.21,38,Clouds
2026-06-05 06:08:28,25.7,23,Clouds
2026-06-05 10:11:12,23.7,28,Clear
2026-06-05 12:49:27,20.98,43,Clear
2026-06-05 15:41:05,19.23,53,Clear
2026-06-05 17:30:02,18.78,54,Clear
2026-06-05 19:16:49,17.91,60,Clouds
2026-06-05 20:56:35,17.62,60,Clouds
2026-06-05 22:10:03,18.73,54,Clouds
2026-06-05 23:34:32,22.32,39,Clouds
2026-06-06 01:29:44,23.66,33,Clouds
2026-06-06 05:28:06,28.97,17,Clouds
2026-06-06 08:05:27,28.23,20,Clouds
2026-06-06 10:15:17,25.49,31,Clouds
2026-06-06 11:44:35,24.83,34,Clouds
2026-06-06 12:54:06,23.53,36,Clouds
2026-06-06 14:21:25,23.69,37,Clouds
2026-06-06 15:44:00,22.53,37,Clouds
2026-06-06 16:46:02,21.91,38,Clouds
2026-06-06 17:49:33,21.45,39,Clouds
2026-06-06 18:56:25,21.22,41,Clouds
2026-06-06 20:04:27,20.6,44,Clouds
2026-06-06 21:12:23,20.38,45,Clouds
2026-06-06 22:15:02,20.91,41,Clouds
2026-06-06 23:16:40,21.98,35,Clouds
2026-06-07 00:18:30,22.32,34,Clouds
2026-06-07 04:57:46,27.53,36,Clouds
2026-06-07 08:20:58,26.87,35,Clouds
2026-06-07 10:37:29,24.27,47,Clouds
2026-06-07 12:09:59,23.37,52,Clouds
2026-06-07 14:17:53,22.38,55,Clouds
2026-06-07 15:44:10,21.56,55,Clouds
2026-06-07 16:57:16,21.37,55,Clouds
2026-06-07 17:59:46,20.5,59,Clouds
2026-06-07 19:22:45,20,63,Rain
2026-06-07 20:39:45,18.92,67,Rain
2026-06-07 21:48:21,18.92,68,Rain
2026-06-07 22:47:06,19.24,67,Rain
2026-06-07 23:47:12,20.71,60,Rain
2026-06-08 02:02:47,23.39,45,Clouds
2026-06-08 06:54:36,26.54,29,Clouds
2026-06-08 11:46:22,22.72,41,Clouds
2026-06-08 15:02:14,20.81,46,Clouds
2026-06-08 18:04:13,19.32,52,Clouds
2026-06-08 20:28:30,18.35,57,Clear
2026-06-08 22:08:46,19.37,53,Clear
2026-06-08 23:21:39,21.07,47,Clear
2026-06-09 00:17:15,23.04,39,Clear
2026-06-09 04:37:06,27.28,25,Clouds
2026-06-09 08:08:41,24.72,28,Clouds
2026-06-09 11:27:55,21.29,44,Clouds
2026-06-09 13:57:34,20.1,57,Clouds
2026-06-09 16:28:11,19.6,61,Clouds
2026-06-09 18:28:57,18.9,65,Clouds
2026-06-09 20:26:26,18.16,69,Clear
2026-06-09 22:02:16,19.26,63,Clear
2026-06-09 23:21:41,20.69,55,Clear
2026-06-10 01:33:43,23.18,46,Clear
2026-06-10 06:03:17,25.93,36,Clear
2026-06-10 10:17:11,22.18,50,Clear
2026-06-10 13:49:25,20.07,58,Clear
2026-06-10 16:49:07,18.93,65,Clear
2026-06-10 19:23:04,18.05,72,Clear
2026-06-10 21:31:49,17.89,73,Clear
2026-06-10 23:08:57,20.68,58,Clear
2026-06-11 01:35:10,24.46,39,Clear
2026-06-11 06:20:36,25.45,40,Rain
2026-06-11 11:00:16,21.49,54,Clouds
2026-06-11 14:38:17,20.26,61,Clouds
2026-06-11 17:54:02,18.45,68,Clear
2026-06-11 20:02:33,17.86,72,Clear
2026-06-11 22:07:14,19.33,62,Clear
2026-06-11 23:48:47,22.53,47,Clear
2026-06-12 02:01:30,25.36,37,Clear
2026-06-12 06:47:13,26.11,37,Clear
2026-06-12 10:52:45,22.94,45,Clear
2026-06-12 13:54:18,21.32,51,Clear
2026-06-12 16:35:06,20.05,60,Clear
2026-06-12 18:25:33,19.65,62,Clear
2026-06-12 20:31:54,19.22,63,Clear
2026-06-12 22:08:20,20.37,58,Clear
2026-06-12 23:43:20,23.91,43,Clear
2026-06-13 01:51:24,27.75,30,Clouds
2026-06-13 06:03:07,31.38,19,Clouds
2026-06-13 09:28:42,29.38,22,Clouds
2026-06-13 11:27:12,25.66,33,Clouds
2026-06-13 13:01:06,24.81,37,Clouds
2026-06-13 15:02:55,23.48,50,Clouds
2026-06-13 16:21:54,23.08,57,Clouds
2026-06-13 17:48:15,22.24,61,Clouds
2026-06-13 18:58:58,22.29,60,Clouds
2026-06-13 20:13:48,21.86,64,Clouds
2026-06-13 21:37:24,21.43,70,Clouds
2026-06-13 22:41:15,22.36,68,Clouds
2026-06-13 23:44:34,22.99,68,Clouds
2026-06-14 02:00:29,26.18,50,Clouds
2026-06-14 06:43:06,28.84,36,Clouds
2026-06-14 10:14:42,24.64,53,Clouds
2026-06-14 12:14:53,21.69,69,Clouds
2026-06-14 14:28:03,21.74,69,Clouds
2026-06-14 16:02:59,20.62,72,Clouds
2026-06-14 17:37:46,19.96,75,Clouds
2026-06-14 18:52:48,19.8,73,Clouds
2026-06-14 20:11:40,19.5,74,Clouds
2026-06-14 21:36:58,20.81,64,Clouds
2026-06-14 22:46:10,22.72,56,Clouds
2026-06-14 23:51:41,24.8,48,Clouds
2026-06-15 02:07:06,29.21,36,Clouds
2026-06-15 07:32:15,31.15,27,Clouds
2026-06-15 13:31:26,26.54,40,Clouds
2026-06-15 18:08:56,23.81,50,Clouds
2026-06-15 21:17:27,22.8,55,Clouds
2026-06-15 23:10:06,25.09,48,Clouds
2026-06-16 01:44:14,29.9,36,Clouds
2026-06-16 07:05:55,32.15,29,Clouds
2026-06-16 12:19:11,28.44,38,Clouds
2026-06-16 17:23:19,24.97,49,Clear
2026-06-16 20:20:20,23.56,54,Clear
2026-06-16 22:23:05,24.6,53,Clear
2026-06-16 23:51:08,27.6,46,Clear
2026-06-17 02:07:04,27.92,44,Clouds
2026-06-17 07:23:18,31.52,35,Clouds
2026-06-17 11:58:39,26.45,45,Clouds
2026-06-17 15:20:19,23.88,57,Clouds
2026-06-17 17:59:34,22.96,71,Clouds
2026-06-17 20:11:22,22.63,72,Clouds
2026-06-17 22:12:14,23.18,69,Clouds
2026-06-17 23:49:29,26.38,55,Clouds
2026-06-18 02:04:11,29.17,44,Clear
2026-06-18 07:01:07,30.7,40,Clouds
2026-06-18 11:09:38,27.57,49,Clouds
2026-06-18 14:19:04,26.09,57,Clouds
2026-06-18 17:31:54,24.8,62,Clouds
2026-06-18 19:39:42,23.59,68,Clouds
2026-06-18 21:35:27,23.73,67,Clouds
2026-06-18 23:21:04,25.66,59,Clouds
2026-06-19 02:08:14,30.88,41,Clouds
2026-06-19 07:21:57,33.65,32,Rain
2026-06-19 11:42:26,22.23,90,Rain
2026-06-19 14:27:34,22.62,84,Rain
2026-06-19 16:55:51,21.25,90,Rain
2026-06-19 18:27:00,21.12,94,Rain
2026-06-19 20:12:02,20.23,95,Rain
2026-06-19 21:20:26,19.32,92,Rain
2026-06-19 22:15:02,19.14,91,Rain
2026-06-19 23:14:49,19.25,93,Rain
2026-06-20 00:19:31,19.52,91,Rain
2026-06-20 04:43:09,20.37,88,Rain
2026-06-20 08:05:39,20.23,92,Clouds
2026-06-20 10:38:26,20.44,91,Clouds
2026-06-20 12:16:06,20.04,91,Clouds
2026-06-20 14:31:23,19.65,87,Clouds
2026-06-20 15:58:57,19.31,86,Clouds
2026-06-20 17:24:43,18.94,87,Clouds
2026-06-20 18:51:17,18.78,87,Clouds
2026-06-20 20:07:49,18.41,88,Clouds
2026-06-20 21:37:35,18.41,87,Clouds
2026-06-20 22:45:54,20.74,75,Clouds
2026-06-20 23:50:16,21.82,69,Clouds
2026-06-21 02:06:24,25.62,56,Clouds
2026-06-21 07:01:33,27.52,47,Clouds
2026-06-21 10:33:48,25.11,58,Clouds
2026-06-21 12:26:15,24.37,61,Clouds
2026-06-21 14:37:52,23.18,70,Clouds
2026-06-21 16:17:30,22.88,71,Clouds
2026-06-21 17:53:44,22.5,74,Clouds
2026-06-21 19:06:47,22.42,73,Clouds
2026-06-21 20:43:56,22.04,73,Clouds
2026-06-21 22:01:40,22.08,73,Clouds
2026-06-21 23:20:20,23.01,68,Clouds
2026-06-22 01:42:55,24.5,60,Clouds
2026-06-22 07:02:52,27.41,50,Clouds
2026-06-22 12:55:03,23.15,73,Clouds
2026-06-22 17:22:03,21.28,84,Clouds
2026-06-22 20:16:39,19.94,88,Clouds
2026-06-22 22:16:24,20.65,80,Clouds
2026-06-22 23:43:28,23.39,62,Clouds
2026-06-23 01:33:46,25.2,53,Clouds
2026-06-23 05:47:51,30.37,30,Clouds
2026-06-23 08:48:23,30.08,27,Clear
2026-06-23 11:46:15,25.57,45,Clouds
2026-06-23 14:06:13,24.03,46,Clouds
2026-06-23 16:33:53,22.53,52,Clouds
2026-06-23 18:23:54,21.16,57,Clouds
2026-06-23 20:27:47,20.04,62,Clouds
2026-06-23 21:54:48,20.04,57,Clouds
2026-06-23 22:55:52,20.73,52,Clouds
2026-06-23 23:47:37,22.16,46,Clouds
2026-06-24 01:32:55,23.94,39,Clouds
2026-06-24 05:45:04,28.43,32,Clouds
2026-06-24 08:43:36,28.09,33,Clouds
2026-06-24 11:28:52,25.51,43,Clouds
2026-06-24 13:34:53,23.88,52,Clear
2026-06-24 15:54:45,22.56,57,Clear
2026-06-24 17:44:36,21.33,60,Clear
2026-06-24 19:17:39,20.79,62,Clouds
2026-06-24 20:58:28,20.56,63,Clouds
2026-06-24 22:14:06,20.66,62,Clouds
2026-06-24 23:33:35,22.47,54,Clouds
2026-06-25 01:33:06,26,40,Rain
2026-06-25 05:45:51,24.65,54,Clouds
2026-06-25 08:38:13,20.03,82,Clouds
2026-06-25 11:18:06,19.72,85,Clouds
2026-06-25 13:31:07,19.89,87,Clouds
2026-06-25 16:02:31,19.71,87,Clouds
2026-06-25 18:19:07,19.21,89,Clouds
2026-06-25 20:23:17,17.88,92,Clear
2026-06-25 21:55:29,18.49,83,Clear
2026-06-25 23:05:46,19.77,75,Clear
2026-06-26 00:20:00,21.38,65,Clear
2026-06-26 04:43:23,28.89,36,Clouds
2026-06-26 08:19:10,29.94,32,Clouds
2026-06-26 11:16:27,25.83,51,Clouds
2026-06-26 13:21:27,24.94,55,Clouds
2026-06-26 15:31:58,24.06,59,Clouds
2026-06-26 17:16:43,22.44,64,Clouds
2026-06-26 19:04:33,21.63,65,Clouds
2026-06-26 20:49:59,21.22,62,Clouds
2026-06-26 21:55:17,21.99,57,Clouds
2026-06-26 22:57:11,23.69,52,Clouds
2026-06-26 23:58:40,25.11,49,Clouds
2026-06-27 02:51:33,30.32,36,Clouds
2026-06-27 06:17:14,32.81,26,Clouds
2026-06-27 09:05:45,30.22,37,Clouds
2026-06-27 11:01:57,28.33,45,Clouds
2026-06-27 12:11:29,27.26,47,Clouds
2026-06-27 14:04:23,25.88,53,Clouds
2026-06-27 15:21:27,25.43,53,Clouds
2026-06-27 16:34:18,24.41,55,Clouds
2026-06-27 17:39:47,24.55,54,Clouds
2026-06-27 18:48:35,24.26,55,Clouds
2026-06-27 19:58:04,23.48,59,Clouds
2026-06-27 20:57:22,23.79,59,Clouds
2026-06-27 21:57:54,24.14,58,Clouds
2026-06-27 22:58:23,25.01,55,Clouds
2026-06-27 23:58:33,26.7,50,Clouds
2026-06-28 03:33:01,30.75,38,Clear
2026-06-28 07:37:51,29.97,42,Clear
2026-06-28 10:14:30,27.06,44,Clouds
2026-06-28 11:58:17,25.87,48,Clouds
2026-06-28 13:39:02,25.01,49,Clouds
2026-06-28 15:05:00,24.84,49,Clouds
2026-06-28 16:20:55,24.11,53,Clouds
2026-06-28 17:38:08,23.14,58,Clouds
2026-06-28 18:47:43,22.79,60,Clouds
2026-06-28 20:00:12,22.6,61,Clouds
2026-06-28 21:02:47,22.71,61,Clouds
2026-06-28 22:08:39,23.64,56,Clouds
2026-06-28 23:16:10,25.16,50,Clouds
2026-06-29 00:19:11,26.81,45,Clouds
2026-06-29 05:01:45,31.81,31,Clouds
2026-06-29 09:52:41,27.38,43,Clouds
2026-06-29 13:55:36,25.45,50,Clouds
2026-06-29 16:48:02,23.97,57,Clouds
2026-06-29 18:33:49,23.2,61,Clouds
2026-06-29 20:27:28,23.18,62,Clouds
2026-06-29 21:49:52,24,59,Clouds
2026-06-29 22:42:13,25.33,54,Clouds
2026-06-29 23:39:46,26.67,49,Clouds
2026-06-30 01:34:24,29.57,42,Clouds
2026-06-30 05:49:24,31.99,36,Clouds
2026-06-30 08:47:22,29.2,44,Clear
2026-06-30 11:33:37,27.25,48,Clouds
2026-06-30 13:24:39,26.86,50,Clouds
2026-06-30 15:44:08,25.36,52,Clouds
2026-06-30 17:28:42,25.09,53,Rain
2026-06-30 19:16:45,24.91,57,Clouds
2026-06-30 21:06:01,24.47,62,Clouds
2026-06-30 22:21:33,24.31,64,Clouds
2026-06-30 23:39:33,24.98,63,Clouds
2026-07-01 01:53:54,28.73,52,Clouds
2026-07-01 06:12:39,31.65,38,Clouds
2026-07-01 10:11:14,27.87,48,Clouds
2026-07-01 12:45:35,25.17,59,Clouds
2026-07-01 15:28:49,24.44,63,Clouds
2026-07-01 17:27:07,23.69,70,Clouds
2026-07-01 19:15:36,23.13,74,Clouds
2026-07-01 20:53:58,23.01,74,Clouds
2026-07-01 22:09:22,23.67,70,Clouds
2026-07-01 23:39:30,24.7,63,Clouds
2026-07-02 01:35:12,26.46,54,Clouds
2026-07-02 05:37:58,28.26,48,Clouds
2026-07-02 08:30:34,28.18,49,Clouds
2026-07-02 11:07:27,24.86,64,Clouds
2026-07-02 13:03:45,24.15,67,Clear
2026-07-02 15:24:05,23.4,73,Clear
2026-07-02 17:05:12,22.85,77,Clouds
2026-07-02 18:42:18,22.35,82,Clouds
2026-07-02 20:06:31,22.08,85,Clouds
2026-07-02 21:19:37,21.97,86,Clouds
2026-07-02 22:29:19,22.54,84,Clouds
2026-07-02 23:36:09,24.31,75,Clouds
2026-07-03 01:12:31,25.34,68,Clouds
2026-07-03 04:55:09,28.96,51,Clouds
2026-07-03 07:53:06,28.44,53,Clouds
2026-07-03 10:21:43,26.56,57,Clouds
2026-07-03 12:21:17,24.89,62,Clouds
2026-07-03 14:34:12,23.84,69,Clouds
2026-07-03 16:07:52,23.48,72,Clouds
2026-07-03 17:42:48,23.01,78,Clouds
2026-07-03 18:49:20,22.68,79,Clouds
2026-07-03 20:04:28,22.76,79,Clouds
2026-07-03 21:17:20,22.6,81,Clouds
2026-07-03 23:18:52,22.83,80,Clouds
2026-07-04 00:18:12,23.35,77,Clouds
2026-07-04 04:04:37,27.84,61,Clouds
2026-07-04 06:54:35,29.04,54,Clouds
2026-07-04 09:11:08,26.88,62,Clouds
2026-07-04 10:59:13,25.34,70,Clouds
2026-07-04 12:06:00,25.03,71,Clouds
2026-07-04 13:53:38,24.6,71,Clouds
2026-07-04 14:54:26,24.26,73,Clouds
2026-07-04 15:50:31,24.18,74,Clouds
2026-07-04 16:44:32,24.09,74,Clouds
2026-07-04 17:44:44,23.89,76,Clouds
2026-07-04 18:41:02,23.75,76,Clouds
2026-07-04 19:50:59,24.03,74,Clouds
2026-07-04 20:38:32,23.63,78,Clouds
2026-07-04 21:34:27,23.51,80,Clouds
2026-07-04 22:32:10,23.51,80,Clouds
2026-07-04 23:33:41,23.79,79,Clouds
2026-07-05 01:18:16,25.02,75,Clouds
2026-07-05 05:09:46,27.61,68,Clouds
2026-07-05 08:12:16,27.67,69,Clouds
2026-07-05 10:26:17,25.31,84,Clouds
2026-07-05 11:51:14,24.11,90,Clouds
2026-07-05 12:57:24,23.81,90,Clouds
2026-07-05 14:26:37,23.89,90,Clouds
2026-07-05 15:43:51,23.16,93,Clouds
2026-07-05 16:43:19,23.29,93,Clouds
2026-07-05 17:44:07,23.39,93,Clouds
2026-07-05 18:44:59,23.33,93,Clouds
2026-07-05 19:58:04,23.44,93,Clouds
2026-07-05 20:53:56,23.39,93,Clouds
2026-07-05 21:44:50,23.47,93,Clouds
2026-07-05 22:40:11,23.88,90,Clouds
2026-07-05 23:41:16,24.99,84,Clouds
2026-07-06 01:20:44,26.34,78,Rain
2026-07-06 05:39:26,28.46,71,Rain
2026-07-06 09:39:15,26.78,79,Clouds
2026-07-06 13:06:38,25.08,83,Clouds
2026-07-06 16:26:58,24.43,86,Clouds
2026-07-06 18:23:38,24.32,87,Clouds
2026-07-06 20:18:17,24.13,90,Rain
2026-07-06 21:49:04,24.25,90,Rain
2026-07-06 22:49:11,23.62,94,Rain
2026-07-06 23:48:25,23.98,92,Rain
2026-07-07 01:25:20,24.62,90,Clouds
2026-07-07 05:12:59,28.22,71,Clouds
2026-07-07 08:40:16,29.49,67,Clouds
2026-07-07 11:27:47,27.06,84,Clouds
2026-07-07 13:31:37,26.14,86,Clouds
2026-07-07 16:02:55,25.44,88,Clouds
2026-07-07 18:07:59,25.28,85,Clouds
2026-07-07 20:08:56,24.78,76,Rain
2026-07-07 21:38:02,23.88,85,Rain
2026-07-07 22:40:54,23.04,97,Rain
2026-07-07 23:34:11,23.04,97,Rain
2026-07-08 01:03:39,23.37,96,Rain
2026-07-08 04:22:13,24.33,91,Rain
2026-07-08 06:41:10,26.24,82,Clouds
2026-07-08 09:11:36,25.44,86,Clouds
2026-07-08 11:14:49,24.28,93,Clouds
2026-07-08 12:51:24,24.17,91,Clear
2026-07-08 15:01:37,24.21,92,Clouds
2026-07-08 16:43:16,24.13,93,Rain
2026-07-08 18:05:11,24.01,93,Rain
2026-07-08 19:48:11,23.78,95,Clouds
2026-07-08 20:47:07,23.68,96,Clouds
2026-07-08 21:48:46,23.59,96,Clouds
2026-07-08 22:45:33,23.64,96,Clouds
2026-07-08 23:45:53,24.1,94,Clouds
2026-07-09 01:16:28,25,90,Rain
2026-07-09 05:06:38,27.36,67,Rain
2026-07-09 08:46:49,26.23,72,Clouds
2026-07-09 11:29:33,24.8,80,Rain
2026-07-09 14:04:33,23.26,92,Rain
2026-07-09 16:32:16,22.91,93,Rain
2026-07-09 18:18:39,22.59,95,Clouds
2026-07-09 20:07:18,22.34,97,Clouds
2026-07-09 21:38:51,22.99,94,Clouds
2026-07-09 22:51:57,24.3,89,Clouds
2026-07-09 23:53:54,25.82,82,Clouds
2026-07-10 01:18:39,24.94,88,Clouds
2026-07-10 05:10:21,28.29,71,Rain
2026-07-10 08:36:08,25.87,88,Rain
2026-07-10 11:28:30,25.12,92,Clouds
2026-07-10 13:25:17,24.46,96,Clouds
2026-07-10 15:42:20,24.66,95,Clouds
2026-07-10 17:25:31,24.46,95,Clouds
2026-07-10 18:53:40,24.1,95,Clouds
2026-07-10 20:08:29,23.8,96,Clouds
2026-07-10 21:16:42,23.89,96,Clouds
2026-07-10 22:17:18,24.54,93,Clouds
2026-07-10 23:14:16,25.79,86,Clouds
2026-07-11 00:08:38,27.26,77,Clouds
2026-07-11 03:35:48,32.78,47,Clouds
2026-07-11 05:58:15,33.19,44,Clouds
2026-07-11 07:48:33,32.27,50,Clouds
2026-07-11 09:10:27,31.82,51,Clouds
2026-07-11 10:32:07,30.96,55,Clouds
2026-07-11 11:31:07,29.08,62,Clouds
2026-07-11 12:29:52,29.05,61,Clouds
2026-07-11 14:00:40,28.07,64,Clouds
2026-07-11 14:56:25,27.63,66,Clouds
2026-07-11 15:44:34,27.17,67,Clouds
2026-07-11 16:34:55,27.19,67,Clouds
2026-07-11 17:34:05,26.8,68,Clouds
2026-07-11 18:28:57,26.14,72,Clouds
2026-07-11 19:40:42,25.76,77,Clouds
2026-07-11 20:26:48,25.75,77,Clouds
2026-07-11 21:11:33,25.77,78,Clouds
2026-07-11 22:05:06,26.71,75,Clouds
2026-07-11 23:00:32,28.41,70,Clouds
2026-07-11 23:57:11,30.95,58,Clouds
2026-07-12 02:03:39,33.24,48,Clouds
2026-07-12 05:35:43,35.09,45,Clouds
2026-07-12 07:47:03,34.48,50,Clouds
2026-07-12 09:29:31,33.27,53,Clouds
2026-07-12 10:53:05,31.04,63,Clouds
2026-07-12 11:47:25,30.27,67,Clouds
2026-07-12 12:39:59,29.74,69,Clouds
2026-07-12 14:11:33,29.92,67,Clouds
2026-07-12 15:12:46,29.39,68,Clouds
2026-07-12 16:09:47,28.74,70,Clouds
2026-07-12 17:13:17,28.31,72,Clouds
2026-07-12 18:07:44,28.03,75,Clouds
2026-07-12 19:19:27,27.86,77,Clouds
2026-07-12 20:09:50,27.49,78,Clouds
2026-07-12 21:02:52,27.3,78,Clouds
2026-07-12 21:58:05,28.19,71,Clear
2026-07-12 22:42:07,29.52,64,Clouds
2026-07-12 23:33:59,29.46,64,Clouds
2026-07-13 01:07:25,31.61,55,Clouds
2026-07-13 04:38:39,34.91,44,Clouds
2026-07-13 07:50:50,31.5,54,Clouds
2026-07-13 10:44:08,29.81,63,Clouds
2026-07-13 13:03:50,29.52,66,Clear
2026-07-13 15:46:30,27.35,73,Clouds
2026-07-13 17:42:23,27.65,71,Clouds
2026-07-13 19:02:58,27.47,72,Clouds
2026-07-13 20:20:05,27.17,74,Clouds
2026-07-13 21:14:52,27.09,74,Rain
2026-07-13 22:09:31,27.72,71,Clouds
2026-07-13 23:08:46,28.49,67,Clouds
2026-07-14 00:02:12,29.45,63,Clouds
2026-07-14 03:14:44,32.87,50,Clouds
2026-07-14 05:39:34,32.14,52,Clouds
2026-07-14 07:26:53,30.58,59,Clouds
2026-07-14 09:21:45,28.64,69,Clouds
2026-07-14 10:58:10,27.71,80,Rain
2026-07-14 12:07:13,27.07,88,Rain
2026-07-14 14:07:29,25.89,93,Rain
2026-07-14 15:39:59,25.21,93,Rain
2026-07-14 16:49:07,24.67,93,Rain
2026-07-14 17:50:00,24.65,94,Rain
2026-07-14 18:51:15,24.64,95,Rain
2026-07-14 19:59:40,24.29,96,Rain
2026-07-14 20:59:21,24.22,96,Clouds
2026-07-14 21:56:23,24.31,95,Clouds
2026-07-14 22:47:03,24.5,94,Clouds
2026-07-14 23:35:21,22.88,94,Clouds
2026-07-15 00:54:12,23.94,88,Clouds
2026-07-15 03:50:00,28.03,67,Clouds
2026-07-15 06:01:08,28.4,63,Clouds
2026-07-15 08:20:27,28,63,Clouds
2026-07-15 10:16:35,26.69,65,Clouds
2026-07-15 11:49:39,25.42,72,Clouds
2026-07-15 12:58:54,25.1,74,Clouds
2026-07-15 14:47:50,23.98,80,Clouds
2026-07-15 16:09:11,23.65,82,Clouds
2026-07-15 17:34:51,23.32,86,Clouds
2026-07-15 18:40:30,23.11,87,Clear
2026-07-15 19:48:35,23.08,87,Clear
2026-07-15 20:43:58,23.12,87,Clear
2026-07-15 21:38:12,24.15,81,Clear
2026-07-15 22:35:21,23.92,80,Clear
2026-07-15 23:33:53,25.49,74,Clouds
2026-07-16 01:00:11,29.11,58,Clouds
2026-07-16 04:09:01,31.59,47,Clouds
2026-07-16 06:28:17,31.99,45,Clouds
2026-07-16 08:39:17,28.43,58,Clouds
2026-07-16 10:31:30,28.14,61,Clouds
2026-07-16 12:02:03,27.23,66,Clouds
2026-07-16 14:08:26,26.25,70,Clouds
2026-07-16 15:44:50,24.99,75,Clouds
2026-07-16 16:53:30,24.74,77,Clouds
2026-07-16 17:56:46,24.54,78,Clouds
2026-07-16 18:58:14,24.48,75,Clouds
2026-07-16 19:59:55,24.17,77,Clouds
2026-07-16 20:58:32,24.34,77,Clouds
2026-07-16 22:00:27,25.07,74,Clouds
2026-07-16 22:58:00,26.46,69,Clouds
2026-07-16 23:54:15,27.87,64,Clouds
2026-07-17 01:15:26,29.48,58,Clouds
2026-07-17 04:25:35,34.14,39,Clouds
2026-07-17 06:33:19,32.19,44,Clouds
2026-07-17 08:37:10,30.15,55,Clouds
2026-07-17 10:22:27,28.74,63,Clouds
2026-07-17 11:45:06,27.49,74,Clouds
2026-07-17 12:48:09,26.79,80,Clouds
2026-07-17 14:18:22,26.06,83,Rain
2026-07-17 15:44:32,24.89,91,Rain
2026-07-17 16:46:39,24.7,93,Rain
2026-07-17 17:47:07,24.17,95,Rain
2026-07-17 18:41:20,23.14,96,Rain
2026-07-17 19:44:18,21.72,95,Rain
2026-07-17 20:32:20,21.74,94,Rain
2026-07-17 21:23:01,21.16,92,Rain
2026-07-17 22:09:30,20.6,94,Rain
2026-07-17 23:03:53,20.13,95,Rain
2026-07-17 23:58:49,20.75,94,Clouds
2026-07-18 02:12:07,22,88,Rain
2026-07-18 05:04:15,22.11,91,Clouds
2026-07-18 07:03:36,23.66,86,Clouds
2026-07-18 08:54:25,24.25,83,Clouds
2026-07-18 10:04:52,24.19,84,Clouds
2026-07-18 11:13:18,23.78,84,Clouds
2026-07-18 12:03:09,23.86,86,Rain
2026-07-18 13:39:50,24.79,85,Clouds
2026-07-18 14:37:11,24.74,85,Clouds
2026-07-18 15:32:02,24.57,87,Clouds
2026-07-18 16:27:55,24.62,86,Clouds
2026-07-18 17:28:28,24.09,84,Clouds
2026-07-18 18:25:45,24.03,86,Clouds
2026-07-18 19:37:37,23.84,87,Clouds
2026-07-18 20:23:49,23.93,86,Clouds
2026-07-18 21:09:09,24.02,85,Clouds
2026-07-18 22:02:43,23.81,86,Clouds
2026-07-18 22:57:14,24.23,85,Clouds
2026-07-18 23:45:37,24.69,83,Clouds
2026-07-19 01:10:28,26.85,70,Clouds
2026-07-19 04:31:30,29.04,53,Clouds
2026-07-19 07:05:42,29.52,55,Clouds
2026-07-19 09:10:57,28.15,61,Clouds
2026-07-19 10:41:35,26.56,71,Clouds
2026-07-19 11:40:46,26.16,73,Clouds
2026-07-19 12:33:02,26.29,73,Clouds
2026-07-19 14:04:47,26.11,74,Clouds
2026-07-19 15:05:53,25.39,74,Clouds
2026-07-19 16:04:26,25.2,75,Clouds
2026-07-19 17:08:51,25.15,76,Clouds
2026-07-19 18:04:38,25,78,Clouds
2026-07-19 19:18:45,24.92,76,Rain
2026-07-19 20:11:55,24.88,77,Clouds
2026-07-19 21:04:56,24.93,78,Clouds
2026-07-19 22:01:38,24.86,81,Rain
2026-07-19 22:56:41,25.08,81,Rain
2026-07-19 23:49:48,24.59,87,Rain
2026-07-20 01:15:03,24.2,92,Rain
2026-07-20 04:52:12,23.56,90,Rain
2026-07-20 07:47:35,25.17,84,Clouds
2026-07-20 10:31:37,25.31,89,Clouds
2026-07-20 12:32:29,25.44,94,Clouds
2026-07-20 14:40:38,25.49,95,Clouds
2026-07-20 16:11:51,25.51,94,Clouds
2026-07-20 18:17:07,25.7,93,Clouds
2026-07-20 19:57:37,25.6,92,Clouds
2026-07-20 21:05:28,25.61,90,Clouds
2026-07-20 22:08:42,25.66,90,Rain
2026-07-20 23:11:30,25.7,92,Rain
2026-07-21 00:07:03,25.6,93,Rain
2026-07-21 03:36:26,26.09,91,Rain
2026-07-21 06:13:28,26.66,90,Rain
2026-07-21 08:42:44,26.02,94,Rain
2026-07-21 10:48:25,25.56,95,Clouds
2026-07-21 12:11:42,25.53,95,Clouds
2026-07-21 14:18:18,25.23,94,Clouds
2026-07-21 15:54:39,25.09,95,Clouds
2026-07-21 17:03:16,25.1,95,Clouds
2026-07-21 18:20:04,24.97,95,Clouds
2026-07-21 19:55:03,24.67,95,Clouds
2026-07-21 20:55:32,24.77,95,Clouds
2026-07-21 21:52:38,25.19,93,Clouds
2026-07-21 22:40:11,25.56,90,Clouds
2026-07-21 23:37:08,26.05,88,Clouds
2026-07-22 01:02:11,26.18,91,Clouds
2026-07-22 04:21:09,28.87,75,Rain
2026-07-22 06:44:39,29.31,74,Rain
2026-07-22 09:14:39,27.48,84,Clouds
2026-07-22 11:19:24,26.47,89,Clouds
2026-07-22 12:48:06,25.93,92,Rain
2026-07-22 14:47:25,25.57,92,Clouds
2026-07-22 16:08:02,25.39,92,Clouds
2026-07-22 17:36:42,25.38,92,Clouds
2026-07-22 18:44:06,25.41,92,Clouds
2026-07-22 19:56:40,25.25,93,Clouds
2026-07-22 20:55:35,25.04,93,Clouds
2026-07-22 21:54:51,25.2,93,Rain
2026-07-22 22:47:31,25.35,93,Clouds
2026-07-22 23:43:28,25.93,90,Rain
2026-07-23 01:11:53,28.27,78,Rain
2026-07-23 04:30:45,26.73,86,Clouds
2026-07-23 07:06:19,27.76,82,Rain
2026-07-23 09:30:13,27.35,85,Clouds
2026-07-23 11:24:11,25.86,92,Clouds
2026-07-23 12:52:33,25.61,95,Clouds
2026-07-23 14:55:09,25.42,95,Clouds
2026-07-23 16:17:47,25.34,94,Clouds
2026-07-23 17:48:16,25.17,95,Clouds
2026-07-23 18:51:13,25.02,95,Clouds
2026-07-23 20:02:33,25.11,94,Clouds
2026-07-23 21:13:51,25.19,93,Clouds
2026-07-23 22:13:32,25.79,90,Clouds
2026-07-23 23:10:21,26.43,86,Clouds
2026-07-24 00:08:30,27.28,81,Clouds
2026-07-24 03:36:51,31.28,55,Clouds
2026-07-24 06:11:02,31.42,55,Clouds
2026-07-24 08:39:19,30.1,61,Clouds
2026-07-24 10:36:03,28.27,73,Clouds
2026-07-24 12:03:53,27.89,77,Clouds
2026-07-24 14:03:11,27.42,81,Clouds
2026-07-24 15:35:50,26.79,85,Clouds
2026-07-24 17:08:42,26.57,85,Clouds
2026-07-24 18:41:39,26.35,85,Clouds
2026-07-24 20:00:12,26.26,86,Clouds
2026-07-24 21:04:20,26.12,86,Clouds
2026-07-24 22:13:37,26.71,82,Clouds
2026-07-24 23:15:06,27.58,76,Clouds
2026-07-25 00:14:30,28.45,71,Clouds
2026-07-25 03:35:52,30.77,56,Clouds
2026-07-25 06:02:07,31.17,55,Clouds
2026-07-25 08:16:24,29.41,66,Clouds
2026-07-25 10:00:11,28.44,73,Clouds
2026-07-25 11:11:01,27.99,77,Clouds
2026-07-25 12:07:53,27.75,79,Clouds
2026-07-25 13:56:49,27.12,85,Clouds
2026-07-25 14:55:42,26.7,87,Clouds
2026-07-25 15:54:58,26.47,89,Clouds
2026-07-25 16:40:55,26.27,90,Clouds
2026-07-25 17:38:45,26.3,89,Clouds
2026-07-25 18:33:26,26.29,89,Clouds
2026-07-25 19:46:19,25.68,92,Clouds
2026-07-25 20:32:53,25.71,91,Clouds
2026-07-25 21:27:31,25.26,92,Rain
2026-07-25 22:24:45,25.6,91,Rain
2026-07-25 23:24:45,26.6,86,Clouds
2026-07-26 01:02:21,28.93,71,Clouds
2026-07-26 04:32:12,31.2,56,Clouds
2026-07-26 07:11:55,32.01,53,Clouds
2026-07-26 09:21:51,30.76,61,Clear
2026-07-26 10:55:13,28.71,74,Clear
2026-07-26 11:52:10,28.19,78,Clear
2026-07-26 12:46:11,27.76,82,Clear
2026-07-26 14:16:23,27.68,82,Clear
2026-07-26 15:31:39,27.33,85,Clouds
2026-07-26 16:29:39,27.08,87,Clouds
2026-07-26 17:31:46,26.87,90,Clouds
2026-07-26 18:33:23,26.84,91,Clouds
2026-07-26 19:45:13,26.32,92,Clouds
2026-07-26 20:36:32,26.16,93,Clouds
2026-07-26 21:31:38,26.19,92,Clouds
2026-07-26 22:31:47,26.56,90,Clouds
2026-07-26 23:29:13,26.88,88,Clouds
2026-07-27 01:07:39,28.64,74,Clouds
2026-07-27 04:48:17,31.8,53,Clouds
2026-07-27 08:15:37,29.33,66,Clouds
2026-07-27 11:39:56,27.53,82,Clouds
2026-07-27 13:56:01,26.75,91,Clouds
2026-07-27 16:06:41,26.39,94,Clouds
2026-07-27 17:50:23,26.11,95,Clouds
2026-07-27 19:02:24,26.59,94,Clouds
2026-07-27 20:26:01,26.49,93,Clouds
2026-07-27 21:34:34,26.42,93,Clouds
2026-07-27 22:35:52,26.81,91,Clouds
2026-07-27 23:39:32,27.16,88,Clouds
2026-07-28 01:00:53,28.29,78,Clouds
2026-07-28 04:12:46,31.47,58,Clouds
2026-07-28 06:38:35,31.42,58,Clouds
2026-07-28 09:20:25,28.88,72,Clouds
2026-07-28 11:30:18,28.13,78,Clouds
2026-07-28 13:09:18,27.55,81,Clouds
2026-07-28 15:29:35,27.19,81,Clouds
2026-07-28 16:57:34,26.46,84,Clouds
2026-07-28 18:08:22,26.17,86,Clouds
2026-07-28 19:47:37,25.8,88,Clouds
2026-07-28 20:48:44,25.78,88,Clouds
2026-07-28 21:47:54,26.57,82,Clouds
2026-07-28 22:43:04,27.59,74,Clouds
2026-07-28 23:39:14,28.55,66,Clouds
2026-07-29 01:04:39,29.72,59,Clouds
2026-07-29 04:20:39,31.26,52,Clouds
2026-07-29 07:07:40,30.52,54,Clouds
2026-07-29 09:45:52,28.25,67,Clouds
2026-07-29 11:48:40,27.02,75,Clouds
2026-07-29 13:25:55,26.92,78,Clouds
2026-07-29 15:24:22,26.41,82,Clouds
2026-07-29 16:42:25,25.83,87,Clouds
2026-07-29 17:53:26,25.57,88,Clouds
2026-07-29 18:43:49,25.5,90,Clear
2026-07-29 20:00:10,25.23,91,Clear
2026-07-29 20:56:33,25.09,91,Clear
2026-07-29 21:51:06,25.85,86,Clear
2026-07-29 22:42:18,27.09,77,Clear
2026-07-29 23:40:06,28.27,67,Clouds
2026-07-30 00:59:55,29.35,60,Clear
2026-07-30 03:56:30,31.78,50,Clouds
2026-07-30 06:19:44,32,50,Clouds
2026-07-30 09:06:29,30.03,58,Clouds
2026-07-30 11:17:09,28.19,69,Clouds
2026-07-30 12:54:40,27.5,75,Clouds
2026-07-30 14:57:01,27,80,Clouds
2026-07-30 16:20:38,26.75,81,Clouds
2026-07-30 17:53:05,26.22,86,Clouds
2026-07-30 19:03:10,26.14,84,Clear
2026-07-30 20:20:10,25.95,84,Clouds
2026-07-30 21:35:13,26.65,80,Clouds
2026-07-30 22:39:38,26.67,79,Clouds
2026-07-30 23:37:54,29.23,64,Clouds
2026-07-31 01:08:57,30.33,59,Clouds
2026-07-31 04:34:11,32.63,54,Clouds
2026-07-31 07:25:08,32,60,Clouds
2026-07-31 10:01:45,29.75,76,Clouds
2026-07-31 12:04:07,28.82,83,Clouds
2026-07-31 14:27:24,28.57,83,Clouds
2026-07-31 16:15:10,27.87,87,Clouds
2026-07-31 17:51:57,27.41,90,Clouds
2026-07-31 18:59:01,27.51,92,Clouds
2026-07-31 20:18:22,27.35,91,Clouds
2026-07-31 21:32:27,27.33,91,Clouds
2026-07-31 22:32:43,27.83,87,Clouds
2026-07-31 23:32:44,28.07,85,Clouds
2026-08-01 01:06:01,30.66,66,Clouds
2026-08-01 04:28:10,32.96,54,Clouds
2026-08-01 07:00:45,32.47,56,Clouds
2026-08-01 09:07:14,30.86,64,Clouds
2026-08-01 10:45:48,29.3,74,Clouds
2026-08-01 11:47:03,29.02,77,Clouds
2026-08-01 12:40:03,28.6,80,Clouds
2026-08-01 14:09:08,28.47,81,Clouds
2026-08-01 15:13:27,28.09,83,Clouds
2026-08-01 16:11:32,27.86,84,Clouds
2026-08-01 17:12:00,27.5,86,Clouds
2026-08-01 18:09:03,27.21,88,Clear
2026-08-01 19:23:11,27.07,88,Clouds
2026-08-01 20:15:50,26.86,89,Clouds
2026-08-01 21:09:33,26.76,89,Clouds
2026-08-01 22:07:39,27.46,85,Clouds
2026-08-01 23:05:14,28.6,77,Clouds
2026-08-02 00:05:27,30.12,67,Clouds
2026-08-02 03:44:15,33.73,45,Clouds
2026-08-02 06:20:09,34.03,45,Clouds
2026-08-02 08:38:59,31.48,56,Clear
2026-08-02 10:17:26,30.36,61,Clear
2026-08-02 11:35:13,29.22,68,Clear
2026-08-02 12:37:46,28.97,71,Clear
2026-08-02 14:10:58,28.68,72,Clear
2026-08-02 15:16:21,28.44,74,Clear
2026-08-02 16:13:27,28.22,75,Clear
2026-08-02 17:13:47,27.97,77,Clear
2026-08-02 18:09:43,27.63,79,Clear
2026-08-02 19:30:26,27.51,79,Clear
2026-08-02 20:28:00,27.3,80,Clear
2026-08-02 21:22:42,27.22,81,Clouds
2026-08-02 22:13:52,27.87,78,Clouds
2026-08-02 23:10:26,29.08,72,Clouds
2026-08-03 00:08:42,30.47,66,Clouds
2026-08-03 03:48:34,35.66,43,Clouds
2026-08-03 06:47:27,36.05,43,Clear
2026-08-03 10:27:18,33.65,55,Clear
2026-08-03 13:22:59,31.68,66,Clouds
2026-08-03 15:57:52,30.76,71,Clouds
2026-08-03 17:46:03,29.93,74,Clouds
2026-08-03 19:09:58,29.71,78,Clouds
2026-08-03 20:37:33,29.08,81,Clouds
2026-08-03 21:44:35,29.43,78,Clouds
2026-08-03 22:40:14,30.47,72,Clouds
2026-08-03 23:43:57,31.76,65,Clouds
2026-08-04 01:05:23,32.64,61,Clouds
2026-08-04 04:21:13,35.52,43,Clouds
2026-08-04 06:44:43,33.59,58,Clouds
2026-08-04 09:28:34,35.27,49,Clouds
2026-08-04 11:37:40,32.19,64,Clouds
2026-08-04 13:19:27,31.71,67,Clouds
2026-08-04 15:38:44,29.4,83,Rain
2026-08-04 17:15:38,28.82,86,Rain
2026-08-04 18:53:03,27.78,90,Clouds
2026-08-04 20:14:01,27.54,91,Clouds
2026-08-04 21:34:55,27.41,91,Clouds
2026-08-04 22:38:22,28.92,79,Clouds
2026-08-04 23:37:27,30.76,72,Clouds
2026-08-05 00:59:08,32.63,64,Clouds
2026-08-05 04:06:10,37.07,44,Clouds
2026-08-05 06:37:03,36.31,45,Clouds
2026-08-05 09:21:07,35.25,48,Clouds
2026-08-05 11:32:15,31.9,66,Clouds
2026-08-05 13:12:45,31.63,67,Clear
2026-08-05 15:25:22,31.01,70,Clear
2026-08-05 16:56:42,30.14,73,Clear
2026-08-05 18:14:23,29.62,74,Clear
2026-08-05 19:53:57,28.85,76,Clear
2026-08-05 20:49:37,28.59,76,Clear
2026-08-05 21:58:36,29.22,73,Clear
2026-08-05 22:55:32,30.38,68,Clear
2026-08-05 23:45:21,31.89,62,Clear
2026-08-06 01:05:37,33.58,53,Clear
2026-08-06 04:22:40,37.8,32,Clear
2026-08-06 07:07:42,38.09,33,Clear
2026-08-06 09:46:57,34.1,53,Clear
2026-08-06 11:51:19,32.69,58,Clear
2026-08-06 13:23:24,32.13,61,Clear
2026-08-06 15:35:10,31.29,65,Clear
2026-08-07 00:27:47,32.34,61,Clear
2026-08-07 03:25:18,37.29,42,Clear
2026-08-07 05:09:10,38.86,35,Clear
2026-08-07 06:15:03,38.82,34,Clear
2026-08-07 07:40:58,37.13,38,Clouds
2026-08-07 08:37:31,37.13,38,Clouds
2026-08-07 09:36:06,35.66,39,Clear
2026-08-07 10:28:48,35.66,39,Clear
2026-08-07 11:20:31,34.48,43,Clouds
2026-08-07 12:00:25,33.8,47,Clouds
2026-08-07 13:07:01,33.07,49,Clear
2026-08-07 14:16:30,32.45,52,Clear
2026-08-07 15:09:28,32.01,55,Clouds
2026-08-07 16:05:25,31.52,57,Clouds
2026-08-07 17:01:43,30.99,58,Clouds
2026-08-07 17:51:30,30.61,59,Clouds
2026-08-07 18:32:35,29.86,62,Clear
2026-08-07 19:32:17,29.9,63,Clear
2026-08-07 20:07:32,29.38,64,Clear
2026-08-07 20:52:58,27.5,74,Clear
2026-08-07 21:23:41,27.5,74,Clear
2026-08-07 21:59:56,27.04,80,Clear
2026-08-07 22:35:08,28.12,74,Clear
2026-08-07 23:08:03,28.12,74,Clear
2026-08-07 23:43:52,29.87,66,Clear
2026-08-08 00:04:49,29.87,66,Clear
2026-08-08 02:09:59,33.97,47,Clear
2026-08-08 03:41:16,35.61,40,Clear
2026-08-08 04:37:29,35.82,39,Clear
2026-08-08 05:22:17,35.82,39,Clear
2026-08-08 06:00:07,33.87,47,Clouds
2026-08-08 06:53:51,32.84,49,Clouds
2026-08-08 07:36:51,30.44,56,Clouds
2026-08-08 08:09:47,30.44,56,Clouds
2026-08-08 08:55:44,28.8,67,Clouds
2026-08-08 09:26:33,28.8,67,Clouds
2026-08-08 10:00:43,27.38,69,Clouds
2026-08-08 10:35:50,25.94,71,Clouds
2026-08-08 11:02:59,25.94,71,Clouds
2026-08-08 11:35:42,25.27,72,Clouds
2026-08-08 11:56:57,25.27,72,Clouds
2026-08-08 12:31:00,25.27,72,Clouds
2026-08-08 13:27:14,26.09,60,Clouds
2026-08-08 14:04:04,25.34,62,Clouds
2026-08-08 14:39:56,24.61,65,Clouds
2026-08-08 15:01:10,24.61,65,Clouds
2026-08-08 15:32:59,24.61,65,Clouds
2026-08-08 15:57:26,24.24,65,Clouds
2026-08-08 16:24:28,24.24,65,Clouds
2026-08-08 16:57:20,23.95,65,Clouds
2026-08-08 17:22:32,23.95,65,Clouds
2026-08-08 17:51:40,23.4,68,Clouds
2026-08-08 18:15:07,23.4,68,Clouds
2026-08-08 18:57:55,22.97,70,Clouds
2026-08-08 19:24:20,22.97,70,Clouds
2026-08-08 19:48:26,22.15,75,Clouds
2026-08-08 20:10:08,22.15,75,Clouds
2026-08-08 20:45:08,22.12,75,Clouds
2026-08-08 21:05:57,22.12,75,Clouds
2026-08-08 21:39:34,22.12,75,Clouds
2026-08-08 21:59:36,22.54,71,Clouds
2026-08-08 22:28:00,22.54,71,Clouds
2026-08-08 22:55:55,23.89,65,Clouds
2026-08-08 23:17:29,23.89,65,Clouds
2026-08-08 23:46:36,26.26,57,Clouds
2026-08-09 00:03:19,26.26,57,Clouds
2026-08-09 02:21:03,29.44,50,Clouds
2026-08-09 03:54:15,31.16,48,Clouds
2026-08-09 04:52:05,31.53,48,Clouds
2026-08-09 05:36:51,31.65,47,Clouds
2026-08-09 06:24:00,31.65,47,Clouds
2026-08-09 07:26:48,29.25,55,Clouds
2026-08-09 08:05:57,28.06,59,Clouds
2026-08-09 08:55:14,27.53,61,Clouds
2026-08-09 09:26:21,27.53,61,Clouds
2026-08-09 10:02:21,26.97,63,Clouds
2026-08-09 10:41:14,26.21,65,Clouds
2026-08-09 11:05:29,26.21,65,Clouds
2026-08-09 11:37:55,25.78,66,Clouds
2026-08-09 11:59:26,25.78,66,Clouds
2026-08-09 12:47:15,25.37,66,Clouds
2026-08-09 13:36:58,25.12,67,Clouds
2026-08-09 14:16:22,25.12,67,Clouds
2026-08-09 14:53:24,24.94,67,Clouds
2026-08-09 15:16:40,24.94,67,Clouds
2026-08-09 15:47:34,24.79,67,Clouds
2026-08-09 16:12:43,24.79,67,Clouds
2026-08-09 16:51:56,24.46,68,Clouds
2026-08-09 17:17:02,24.46,68,Clouds
2026-08-09 17:48:22,24.14,69,Clouds
2026-08-09 18:15:30,24.1,68,Clouds
2026-08-09 19:00:56,23.76,69,Clouds
2026-08-09 19:35:12,23.76,69,Clouds
2026-08-09 20:00:06,23.42,70,Clouds
2026-08-09 20:32:55,23.42,70,Clouds
2026-08-09 21:03:26,23.13,71,Clouds
2026-08-09 21:40:26,23.57,69,Clouds
2026-08-09 22:01:44,23.57,69,Clouds
2026-08-09 22:36:22,25,64,Clouds
2026-08-09 23:02:26,25,64,Clouds
2026-08-09 23:37:51,26.56,59,Clouds
2026-08-10 00:01:02,26.63,60,Clouds
2026-08-10 02:03:35,29.62,51,Clouds
2026-08-10 04:02:53,31.84,45,Clouds
2026-08-10 05:39:19,33.2,41,Clouds
2026-08-10 06:53:03,33.42,41,Clouds
2026-08-10 08:17:37,33.15,42,Clouds
2026-08-10 09:50:07,31.27,49,Clouds
2026-08-10 10:50:04,30.38,53,Clouds
2026-08-10 11:35:25,30.38,53,Clouds
2026-08-10 12:25:23,29.82,56,Clouds
2026-08-10 13:50:10,28.01,62,Clouds
2026-08-10 14:45:13,27.43,62,Clouds
2026-08-10 15:38:07,27.03,64,Clouds
2026-08-10 16:26:51,27.03,64,Clouds
2026-08-10 17:22:09,26.41,65,Clouds
2026-08-10 18:06:59,25.35,67,Clouds
2026-08-10 19:10:00,24.8,68,Clouds
2026-08-10 19:58:20,24.23,70,Clouds
2026-08-10 20:36:39,23.65,71,Clouds
2026-08-10 21:22:29,23.65,71,Clouds
2026-08-10 22:01:36,23.67,70,Clouds
2026-08-10 22:42:17,24.67,64,Clouds
2026-08-10 23:16:30,24.67,64,Clouds
2026-08-10 23:51:17,25.93,58,Clouds
2026-08-11 00:37:07,25.93,58,Clouds
2026-08-11 02:36:49,30.29,42,Clouds
2026-08-11 04:03:33,31.32,39,Clouds
2026-08-11 05:15:44,32,38,Clouds
2026-08-11 06:03:57,33.15,37,Clouds
2026-08-11 07:20:48,33.67,34,Clouds
2026-08-11 08:16:19,33.07,36,Clouds
2026-08-11 09:14:18,31.56,42,Clouds
2026-08-11 10:09:41,29.68,48,Clouds
2026-08-11 11:01:59,28.38,51,Clouds
2026-08-11 11:48:32,27.24,54,Clouds
2026-08-11 12:29:39,27.24,54,Clouds
2026-08-11 13:53:12,25.15,58,Clear
2026-08-11 14:46:29,24.34,59,Clear
2026-08-11 15:40:53,24.34,59,Clear
2026-08-11 16:31:38,23.6,61,Clear
2026-08-11 17:29:34,22.94,63,Clear
2026-08-11 18:23:58,22.3,64,Clear
2026-08-11 19:30:02,21.81,65,Clear
2026-08-11 20:09:46,21.38,67,Clear
2026-08-11 20:59:54,21.08,68,Clear
2026-08-11 21:47:38,21.56,65,Clear
2026-08-11 22:25:09,21.56,65,Clear
2026-08-11 23:08:30,22.96,57,Clear
2026-08-11 23:53:35,24.45,49,Clear
2026-08-12 00:44:26,25.88,46,Clear
2026-08-12 03:10:36,29,40,Clear
2026-08-12 04:57:48,31.48,36,Clear
2026-08-12 06:08:46,32.18,36,Clear
2026-08-12 07:46:41,31.9,39,Clouds
2026-08-12 08:51:57,30.78,42,Clouds
2026-08-12 09:49:30,29.76,51,Clear
2026-08-12 10:44:30,28.76,54,Clear
2026-08-12 11:29:45,26.67,60,Clouds
2026-08-12 12:09:38,26.16,60,Clouds
2026-08-12 13:39:43,25.76,65,Clouds
2026-08-12 14:40:42,24.52,73,Clouds
2026-08-12 15:33:50,24.03,76,Clouds
2026-08-12 16:28:17,23.71,79,Clouds
2026-08-12 17:26:47,22.76,78,Clouds
2026-08-12 18:13:47,23.28,74,Clouds
2026-08-12 19:18:55,22.86,75,Clouds
2026-08-12 20:05:36,22.78,68,Clouds
2026-08-12 20:56:54,22.01,81,Clouds
2026-08-12 21:36:32,20.76,100,Clouds
2026-08-12 22:21:00,22.47,90,Clouds
2026-08-12 23:05:05,23.82,77,Clouds
2026-08-12 23:52:02,24.76,69,Clouds
2026-08-13 00:45:27,25.76,69,Clouds
2026-08-13 03:14:05,30.76,51,Clouds
2026-08-13 05:03:29,30.6,52,Clouds
2026-08-13 06:22:02,31.76,51,Clouds
2026-08-13 07:57:28,30.78,45,Clouds
2026-08-13 09:05:09,31.76,51,Clouds
2026-08-13 10:17:18,28.92,57,Clouds
2026-08-13 11:11:22,27.69,64,Clouds
2026-08-13 11:56:38,28.78,58,Clouds
2026-08-13 12:49:55,26.76,74,Clouds
2026-08-13 14:09:40,23.76,94,Clouds
2026-08-13 15:10:49,24.75,80,Clouds
2026-08-13 16:07:10,23.76,94,Clouds
2026-08-13 17:07:06,23.76,94,Clouds
2026-08-13 18:02:39,23.76,94,Clouds
2026-08-13 19:13:06,24.62,85,Clouds
2026-08-13 19:58:56,23.55,70,Clouds
2026-08-13 20:38:31,23.3,69,Clouds
2026-08-13 21:25:41,23.28,76,Clouds
2026-08-13 22:07:51,23.78,83,Clouds
2026-08-13 22:56:55,24.76,88,Clouds
2026-08-13 23:32:56,25.76,83,Clouds
2026-08-14 00:09:11,29.76,58,Clouds
2026-08-14 02:40:07,30.76,58,Clouds
2026-08-14 04:25:29,31.76,51,Clouds
2026-08-14 05:51:02,30.76,58,Clouds
2026-08-14 06:59:52,29.76,62,Clouds
2026-08-14 08:15:10,30.76,62,Clouds
2026-08-14 09:20:07,30.76,58,Clouds
2026-08-14 10:26:53,28.76,74,Clouds
2026-08-14 11:12:20,27.76,78,Clouds
2026-08-14 11:54:47,27.76,78,Clouds
2026-08-14 12:32:18,27.76,83,Clouds
2026-08-14 13:55:30,26.76,94,Clouds
2026-08-14 14:42:43,26.76,83,Clouds
2026-08-14 15:30:21,27.76,78,Clouds
2026-08-14 16:23:37,27.76,78,Clouds
2026-08-14 17:15:30,27.76,78,Clouds
2026-08-14 18:06:20,27.76,78,Clouds
2026-08-14 19:07:18,26.76,83,Clouds
2026-08-14 19:51:42,26.76,78,Clouds
2026-08-14 20:16:47,26.76,78,Clouds
2026-08-14 20:46:12,26.76,78,Clouds
2026-08-14 21:02:53,26.76,78,Clouds
2026-08-14 21:32:28,25.76,94,Clouds
2026-08-14 21:51:34,25.76,94,Clouds
2026-08-14 22:02:17,25.76,94,Clouds
2026-08-14 22:30:08,26.76,89,Clouds
2026-08-14 22:50:01,26.76,89,Rain
2026-08-14 23:02:20,26.76,89,Rain
2026-08-14 23:27:40,26.76,83,Rain
2026-08-14 23:45:08,26.76,83,Rain
2026-08-14 23:59:30,26.76,83,Rain
2026-08-15 01:10:52,28.76,79,Clouds
2026-08-15 02:17:52,27.76,78,Clouds
2026-08-15 03:06:33,27.76,78,Clouds
2026-08-15 03:48:59,26.76,94,Rain
2026-08-15 04:14:33,25.76,100,Clouds
2026-08-15 04:46:20,25.76,100,Clouds
2026-08-15 05:02:52,25.76,100,Clouds
2026-08-15 05:32:04,26.76,100,Clouds
2026-08-15 05:52:21,26.76,100,Clouds
2026-08-15 06:13:42,25.76,100,Clouds
2026-08-15 06:56:27,22.76,100,Clouds
2026-08-15 07:22:16,22.76,100,Clouds
2026-08-15 07:47:23,22.76,100,Clouds
2026-08-15 08:01:27,22.76,100,Clouds
2026-08-15 08:33:54,22.76,100,Clouds
2026-08-15 08:57:35,22.76,100,Clouds
2026-08-15 09:19:10,23.76,100,Clouds
2026-08-15 09:43:25,23.76,100,Clouds
2026-08-15 09:58:06,23.76,100,Clouds
2026-08-15 10:17:16,23.76,100,Clouds
2026-08-15 10:41:21,23.76,100,Clouds
2026-08-15 10:56:24,23.76,100,Clouds
2026-08-15 11:10:43,23.76,100,Clouds
2026-08-15 11:31:33,23.76,100,Clouds
2026-08-15 11:46:27,23.76,100,Clouds
2026-08-15 11:57:24,23.76,100,Clouds
2026-08-15 12:23:21,23.76,100,Clouds
2026-08-15 13:03:01,23.76,100,Clouds
2026-08-15 13:35:59,23.76,100,Clouds
2026-08-15 13:54:29,23.76,100,Clouds
2026-08-15 14:08:07,23.76,100,Clouds
2026-08-15 14:34:18,23.76,100,Clouds
2026-08-15 14:52:05,23.76,100,Clouds
2026-08-15 15:01:34,23.76,100,Clouds
2026-08-15 15:25:52,23.76,100,Clouds
2026-08-15 15:41:21,23.76,100,Clouds
2026-08-15 15:54:21,23.76,100,Clouds
2026-08-15 16:07:26,23.76,100,Clouds
2026-08-15 16:36:00,23.76,100,Clouds
2026-08-15 16:53:52,23.76,100,Clouds
2026-08-15 17:08:13,23.76,100,Clouds
2026-08-15 17:31:01,23.76,100,Clouds
2026-08-15 17:47:04,23.76,100,Rain
2026-08-15 17:58:18,23.76,100,Rain
2026-08-15 18:21:49,23.76,100,Rain
2026-08-15 18:50:51,23.76,100,Rain
2026-08-15 19:09:28,23.76,100,Rain
2026-08-15 19:29:58,23.76,100,Rain
2026-08-15 19:44:57,22.76,100,Rain
2026-08-15 19:55:43,22.76,100,Rain
2026-08-15 20:09:48,22.76,100,Rain
2026-08-15 20:35:22,22.76,100,Rain
2026-08-15 20:52:41,22.76,100,Rain
2026-08-15 21:05:02,22.76,100,Clouds
2026-08-15 21:29:10,22.76,100,Rain
2026-08-15 21:44:32,22.76,100,Rain
2026-08-15 21:55:58,22.76,100,Rain
2026-08-15 22:09:49,23.76,94,Rain
2026-08-15 22:34:20,23.76,94,Rain
2026-08-15 22:51:38,23.76,94,Rain
2026-08-15 23:01:35,23.76,94,Rain
2026-08-15 23:24:01,23.76,100,Clouds
2026-08-15 23:39:08,23.76,100,Clouds
2026-08-15 23:52:49,23.76,100,Clouds
2026-08-16 00:00:52,23.76,100,Clouds
2026-08-16 01:32:04,24.76,94,Clouds
2026-08-16 02:44:46,24.76,100,Rain
2026-08-16 03:32:17,23.76,100,Rain
2026-08-16 04:08:59,23.76,100,Rain
2026-08-16 04:46:42,23.76,100,Rain
2026-08-16 05:11:37,23.76,100,Rain
2026-08-16 05:39:47,24.76,100,Clouds
2026-08-16 05:58:12,24.76,100,Rain
2026-08-16 06:31:48,24.76,100,Rain
2026-08-16 07:09:06,24.76,100,Rain
2026-08-16 07:40:39,25.76,89,Rain
2026-08-16 07:57:16,25.76,89,Rain
2026-08-16 08:19:51,25.76,89,Clouds
2026-08-16 08:49:42,25.76,89,Clouds
2026-08-16 09:11:32,25.76,89,Clouds
2026-08-16 09:38:20,25.76,94,Clouds
2026-08-16 09:55:02,25.76,94,Clouds
2026-08-16 10:10:16,25.76,94,Clouds
2026-08-16 10:36:03,25.76,89,Clouds
2026-08-16 10:53:00,25.76,89,Clouds
2026-08-16 11:06:20,25.76,89,Clouds
2026-08-16 11:29:22,24.76,94,Clouds
2026-08-16 11:44:21,24.76,94,Clouds
2026-08-16 11:56:39,24.76,94,Clouds
2026-08-16 12:20:58,24.76,100,Clouds
2026-08-16 13:04:04,24.76,100,Clouds
2026-08-16 13:37:46,25.76,89,Clouds
2026-08-16 13:55:33,25.76,89,Clouds
2026-08-16 14:11:37,25.76,89,Clouds
2026-08-16 14:35:40,25.76,89,Clouds
2026-08-16 14:53:14,25.76,89,Clouds
2026-08-16 15:06:31,25.76,89,Clouds
2026-08-16 15:30:55,24.76,94,Clouds
2026-08-16 15:47:14,24.76,94,Clouds
2026-08-16 15:59:08,24.76,94,Clouds
2026-08-16 16:21:40,24.76,100,Clouds
2026-08-16 16:45:12,24.76,100,Clouds
2026-08-16 17:00:07,24.76,100,Clouds
2026-08-16 17:19:21,24.76,94,Clouds
2026-08-16 17:36:57,24.76,94,Clouds
2026-08-16 17:50:58,24.76,94,Clouds
2026-08-16 17:59:34,24.76,94,Clouds
2026-08-16 18:27:37,24.76,88,Clouds
2026-08-16 18:53:37,24.76,88,Clouds
2026-08-16 19:09:58,24.76,88,Clouds
2026-08-16 19:30:06,24.76,88,Clouds
2026-08-16 19:44:22,24.76,88,Clouds
2026-08-16 19:54:24,24.76,88,Clouds
2026-08-16 20:02:15,24.76,88,Clouds
2026-08-16 20:29:58,24.76,94,Clouds
2026-08-16 20:47:42,24.76,94,Clouds
2026-08-16 20:59:50,24.76,94,Clouds
2026-08-16 21:19:21,24.76,88,Clouds
2026-08-16 21:37:05,24.76,88,Clouds
2026-08-16 21:51:06,24.76,88,Clouds
2026-08-16 21:59:46,24.76,88,Clouds
2026-08-16 22:19:58,24.76,94,Clouds
2026-08-16 22:40:48,24.76,94,Clouds
2026-08-16 22:55:13,24.76,94,Clouds
2026-08-16 23:07:59,24.76,94,Clouds
2026-08-16 23:30:14,24.76,94,Clouds
2026-08-16 23:44:28,24.76,94,Clouds
2026-08-16 23:55:42,24.76,94,Clouds
2026-08-17 00:35:26,25.76,89,Clouds
2026-08-17 02:05:42,25.76,89,Clouds
2026-08-17 03:07:56,26.76,83,Clouds
2026-08-17 03:57:25,26.76,83,Clouds
2026-08-17 04:34:01,26.76,89,Clouds
2026-08-17 05:11:27,26.76,89,Clouds
2026-08-17 05:47:35,25.76,94,Rain
2026-08-17 06:20:38,26.76,94,Clouds
2026-08-17 07:26:10,26.76,94,Clouds
2026-08-17 08:04:33,26.76,94,Clouds
2026-08-17 08:54:13,26.76,100,Rain
2026-08-17 09:25:20,27.76,83,Rain
2026-08-17 10:02:04,27.76,83,Clouds
2026-08-17 10:37:01,26.76,94,Rain
2026-08-17 10:59:28,26.76,94,Clouds
2026-08-17 11:24:00,25.76,100,Clouds
2026-08-17 11:45:16,25.76,100,Clouds
2026-08-17 11:59:21,25.76,100,Clouds
2026-08-17 12:40:37,25.76,100,Clear
2026-08-17 13:24:32,24.76,100,Clear
2026-08-17 13:56:47,24.76,100,Clear
2026-08-17 14:19:08,24.76,100,Clear
2026-08-17 14:47:16,24.76,100,Clear
2026-08-17 15:03:32,24.76,100,Clear
2026-08-17 15:32:49,24.76,100,Clouds
2026-08-17 15:51:26,24.76,100,Clouds
2026-08-17 16:09:05,24.76,100,Clouds
2026-08-17 16:40:47,23.76,100,Clouds
2026-08-17 17:00:31,23.76,100,Clouds
2026-08-17 17:26:57,23.76,94,Clouds
2026-08-17 17:52:16,23.76,94,Clouds
2026-08-17 18:15:41,22.76,100,Clouds
2026-08-17 18:57:38,22.76,100,Clouds
2026-08-17 19:22:07,22.76,100,Clouds
2026-08-17 19:46:05,22.76,100,Clouds
2026-08-17 20:00:40,22.76,100,Clouds
2026-08-17 20:28:45,23.76,100,Clouds
2026-08-17 20:52:53,23.76,100,Clear
2026-08-17 21:11:36,23.76,100,Clear
2026-08-17 21:37:18,23.76,100,Clear
2026-08-17 21:54:40,23.76,100,Clear
2026-08-17 22:09:25,24.76,100,Clear
2026-08-17 22:36:28,24.76,100,Clear
2026-08-17 22:54:26,24.76,100,Clear
2026-08-17 23:08:56,25.76,100,Clear
2026-08-17 23:33:03,25.76,100,Clear
2026-08-17 23:49:38,25.76,100,Clouds
2026-08-18 00:01:04,25.76,100,Clouds
2026-08-18 01:23:27,28.76,70,Clear
2026-08-18 02:30:20,29.76,66,Clouds
2026-08-18 03:22:31,30.76,62,Clouds
2026-08-18 04:02:13,30.76,62,Clouds
2026-08-18 04:41:04,30.76,62,Clouds
2026-08-18 05:05:30,30.76,62,Clouds
2026-08-18 05:37:47,30.76,58,Clouds
2026-08-18 05:58:24,30.76,58,Clouds
2026-08-18 06:36:07,31.76,58,Clouds
2026-08-18 07:21:45,31.76,58,Clear
2026-08-18 07:56:55,31.76,58,Clear
2026-08-18 08:25:59,30.76,62,Clear
2026-08-18 08:59:56,30.76,62,Clear
2026-08-18 09:33:16,28.76,70,Clear
2026-08-18 09:59:42,28.76,70,Clouds
2026-08-18 10:27:18,27.76,74,Clouds
2026-08-18 10:54:01,27.76,74,Clouds
2026-08-18 11:12:08,25.76,94,Clouds
2026-08-18 11:37:24,25.76,94,Clouds
2026-08-18 11:56:03,25.76,94,Clouds
2026-08-18 12:22:52,24.76,100,Clouds
2026-08-18 13:13:45,24.76,100,Clouds
2026-08-18 13:55:45,24.76,100,Clouds
2026-08-18 14:21:02,24.76,100,Clouds
2026-08-18 14:55:41,24.76,100,Clouds
2026-08-18 15:19:51,24.76,100,Clouds
2026-08-18 15:49:27,24.76,100,Clouds
2026-08-18 16:12:05,24.76,100,Clouds
2026-08-18 16:46:20,24.76,100,Clouds
2026-08-18 17:05:50,24.76,100,Clouds
2026-08-18 17:36:15,24.76,100,Clouds
2026-08-18 17:57:29,24.76,100,Clouds
2026-08-18 18:27:50,24.76,100,Clouds
2026-08-18 19:05:40,24.76,100,Clouds
2026-08-18 19:34:27,23.76,100,Clouds
2026-08-18 19:51:21,23.76,100,Clouds
2026-08-18 20:01:17,24.76,100,Clouds
2026-08-18 20:28:09,24.76,100,Clouds
2026-08-18 20:47:42,24.76,100,Clouds
2026-08-18 21:02:14,24.76,100,Clouds
2026-08-18 21:29:43,23.76,100,Clouds
2026-08-18 21:47:48,23.76,100,Clouds
2026-08-18 22:00:10,23.76,100,Clouds
2026-08-18 22:22:55,24.76,100,Clouds
2026-08-18 22:44:47,24.76,100,Clouds
